has inconsistency,a3,a15aa,a15a,CERL Name
,399,,"Adler, ? (????-????) [Dr.]",
,812,cnp00589905,"Alamán, Lucas (1792-1853)","Alamán, Lucas"
,425,cnp01468750,"Albers, Johann Abraham (1772-1821)","Albers, Johann Abraham"
,410,,"Anger, David (1764-1839)",
,480,,"Anger, David (1764-1839)",
,609,cnp01177665,"Anthing, Carl Heinrich Wilhelm (1766-1823)","Anthing, Karl Heinrich Wilhelm"
,773,cnp01010394,"Araujo d'Azevedo, Antonio d' (1752-1817)","Araujo d'Azevedo, Antonio d'"
,774,cnp01010394,"Araujo d'Azevedo, Antonio d' (1752-1817)","Araujo d'Azevedo, Antonio d'"
,0.084,cnp00397388,"Asch, Georg Thomas von (1729-1807)","Asch, Georg Thomas von"
,0.236,cnp00397388,"Asch, Georg Thomas von (1729-1807)","Asch, Georg Thomas von"
,0.241,cnp00397388,"Asch, Georg Thomas von (1729-1807)","Asch, Georg Thomas von"
,0.416,cnp00397388,"Asch, Georg Thomas von (1729-1807)","Asch, Georg Thomas von"
,0.417,cnp00397388,"Asch, Georg Thomas von (1729-1807)","Asch, Georg Thomas von"
,0.419,cnp00397388,"Asch, Georg Thomas von (1729-1807)","Asch, Georg Thomas von"
,0.421,cnp00397388,"Asch, Georg Thomas von (1729-1807)","Asch, Georg Thomas von"
,0.428,cnp00397388,"Asch, Georg Thomas von (1729-1807)","Asch, Georg Thomas von"
,0.43,cnp00397388,"Asch, Georg Thomas von (1729-1807)","Asch, Georg Thomas von"
,0.432,cnp00397388,"Asch, Georg Thomas von (1729-1807)","Asch, Georg Thomas von"
,0.434,cnp00397388,"Asch, Georg Thomas von (1729-1807)","Asch, Georg Thomas von"
,0.446,cnp00397388,"Asch, Georg Thomas von (1729-1807)","Asch, Georg Thomas von"
,0.447,cnp00397388,"Asch, Georg Thomas von (1729-1807)","Asch, Georg Thomas von"
,0.459,cnp00397388,"Asch, Georg Thomas von (1729-1807)","Asch, Georg Thomas von"
,0.468,cnp00397388,"Asch, Georg Thomas von (1729-1807)","Asch, Georg Thomas von"
,0.469,cnp00397388,"Asch, Georg Thomas von (1729-1807)","Asch, Georg Thomas von"
,0.47,cnp00397388,"Asch, Georg Thomas von (1729-1807)","Asch, Georg Thomas von"
,0.473,cnp00397388,"Asch, Georg Thomas von (1729-1807)","Asch, Georg Thomas von"
,0.474,cnp00397388,"Asch, Georg Thomas von (1729-1807)","Asch, Georg Thomas von"
,0.475,cnp00397388,"Asch, Georg Thomas von (1729-1807)","Asch, Georg Thomas von"
,0.476,cnp00397388,"Asch, Georg Thomas von (1729-1807)","Asch, Georg Thomas von"
,0.478,cnp00397388,"Asch, Georg Thomas von (1729-1807)","Asch, Georg Thomas von"
,0.479,cnp00397388,"Asch, Georg Thomas von (1729-1807)","Asch, Georg Thomas von"
,0.48,cnp00397388,"Asch, Georg Thomas von (1729-1807)","Asch, Georg Thomas von"
,0.481,cnp00397388,"Asch, Georg Thomas von (1729-1807)","Asch, Georg Thomas von"
,0.482,cnp00397388,"Asch, Georg Thomas von (1729-1807)","Asch, Georg Thomas von"
,0.484,cnp00397388,"Asch, Georg Thomas von (1729-1807)","Asch, Georg Thomas von"
,0.485,cnp00397388,"Asch, Georg Thomas von (1729-1807)","Asch, Georg Thomas von"
,0.486,cnp00397388,"Asch, Georg Thomas von (1729-1807)","Asch, Georg Thomas von"
,0.487,cnp00397388,"Asch, Georg Thomas von (1729-1807)","Asch, Georg Thomas von"
,0.488,cnp00397388,"Asch, Georg Thomas von (1729-1807)","Asch, Georg Thomas von"
,0.491,cnp00397388,"Asch, Georg Thomas von (1729-1807)","Asch, Georg Thomas von"
,0.492,cnp00397388,"Asch, Georg Thomas von (1729-1807)","Asch, Georg Thomas von"
,0.493,cnp00397388,"Asch, Georg Thomas von (1729-1807)","Asch, Georg Thomas von"
,0.495,cnp00397388,"Asch, Georg Thomas von (1729-1807)","Asch, Georg Thomas von"
,0.496,cnp00397388,"Asch, Georg Thomas von (1729-1807)","Asch, Georg Thomas von"
,0.497,cnp00397388,"Asch, Georg Thomas von (1729-1807)","Asch, Georg Thomas von"
,0.498,cnp00397388,"Asch, Georg Thomas von (1729-1807)","Asch, Georg Thomas von"
,0.499,cnp00397388,"Asch, Georg Thomas von (1729-1807)","Asch, Georg Thomas von"
,0.503,cnp00397388,"Asch, Georg Thomas von (1729-1807)","Asch, Georg Thomas von"
,0.51,cnp00397388,"Asch, Georg Thomas von (1729-1807)","Asch, Georg Thomas von"
,0.512,cnp00397388,"Asch, Georg Thomas von (1729-1807)","Asch, Georg Thomas von"
,0.519,cnp00397388,"Asch, Georg Thomas von (1729-1807)","Asch, Georg Thomas von"
,0.52,cnp00397388,"Asch, Georg Thomas von (1729-1807)","Asch, Georg Thomas von"
,0.539,cnp00397388,"Asch, Georg Thomas von (1729-1807)","Asch, Georg Thomas von"
,0.547,cnp00397388,"Asch, Georg Thomas von (1729-1807)","Asch, Georg Thomas von"
,0.548,cnp00397388,"Asch, Georg Thomas von (1729-1807)","Asch, Georg Thomas von"
,0.549,cnp00397388,"Asch, Georg Thomas von (1729-1807)","Asch, Georg Thomas von"
,0.55,cnp00397388,"Asch, Georg Thomas von (1729-1807)","Asch, Georg Thomas von"
,0.551,cnp00397388,"Asch, Georg Thomas von (1729-1807)","Asch, Georg Thomas von"
,0.552,cnp00397388,"Asch, Georg Thomas von (1729-1807)","Asch, Georg Thomas von"
,0.553,cnp00397388,"Asch, Georg Thomas von (1729-1807)","Asch, Georg Thomas von"
,0.554,cnp00397388,"Asch, Georg Thomas von (1729-1807)","Asch, Georg Thomas von"
,0.555,cnp00397388,"Asch, Georg Thomas von (1729-1807)","Asch, Georg Thomas von"
,0.557,cnp00397388,"Asch, Georg Thomas von (1729-1807)","Asch, Georg Thomas von"
,0.565,cnp00397388,"Asch, Georg Thomas von (1729-1807)","Asch, Georg Thomas von"
,0.566,cnp00397388,"Asch, Georg Thomas von (1729-1807)","Asch, Georg Thomas von"
,0.57,cnp00397388,"Asch, Georg Thomas von (1729-1807)","Asch, Georg Thomas von"
,0.571,cnp00397388,"Asch, Georg Thomas von (1729-1807)","Asch, Georg Thomas von"
,0.572,cnp00397388,"Asch, Georg Thomas von (1729-1807)","Asch, Georg Thomas von"
,0.573,cnp00397388,"Asch, Georg Thomas von (1729-1807)","Asch, Georg Thomas von"
,0.574,cnp00397388,"Asch, Georg Thomas von (1729-1807)","Asch, Georg Thomas von"
,0.575,cnp00397388,"Asch, Georg Thomas von (1729-1807)","Asch, Georg Thomas von"
,0.576,cnp00397388,"Asch, Georg Thomas von (1729-1807)","Asch, Georg Thomas von"
,0.577,cnp00397388,"Asch, Georg Thomas von (1729-1807)","Asch, Georg Thomas von"
,0.578,cnp00397388,"Asch, Georg Thomas von (1729-1807)","Asch, Georg Thomas von"
,0.581,cnp00397388,"Asch, Georg Thomas von (1729-1807)","Asch, Georg Thomas von"
,0.582,cnp00397388,"Asch, Georg Thomas von (1729-1807)","Asch, Georg Thomas von"
,0.583,cnp00397388,"Asch, Georg Thomas von (1729-1807)","Asch, Georg Thomas von"
,0.584,cnp00397388,"Asch, Georg Thomas von (1729-1807)","Asch, Georg Thomas von"
,0.585,cnp00397388,"Asch, Georg Thomas von (1729-1807)","Asch, Georg Thomas von"
,0.586,cnp00397388,"Asch, Georg Thomas von (1729-1807)","Asch, Georg Thomas von"
,0.587,cnp00397388,"Asch, Georg Thomas von (1729-1807)","Asch, Georg Thomas von"
,0.588,cnp00397388,"Asch, Georg Thomas von (1729-1807)","Asch, Georg Thomas von"
,0.589,cnp00397388,"Asch, Georg Thomas von (1729-1807)","Asch, Georg Thomas von"
,0.59,cnp00397388,"Asch, Georg Thomas von (1729-1807)","Asch, Georg Thomas von"
,0.591,cnp00397388,"Asch, Georg Thomas von (1729-1807)","Asch, Georg Thomas von"
,0.592,cnp00397388,"Asch, Georg Thomas von (1729-1807)","Asch, Georg Thomas von"
,0.599,cnp00397388,"Asch, Georg Thomas von (1729-1807)","Asch, Georg Thomas von"
,0.601,cnp00397388,"Asch, Georg Thomas von (1729-1807)","Asch, Georg Thomas von"
,0.602,cnp00397388,"Asch, Georg Thomas von (1729-1807)","Asch, Georg Thomas von"
,0.603,cnp00397388,"Asch, Georg Thomas von (1729-1807)","Asch, Georg Thomas von"
,0.604,cnp00397388,"Asch, Georg Thomas von (1729-1807)","Asch, Georg Thomas von"
,0.605,cnp00397388,"Asch, Georg Thomas von (1729-1807)","Asch, Georg Thomas von"
,0.606,cnp00397388,"Asch, Georg Thomas von (1729-1807)","Asch, Georg Thomas von"
,0.607,cnp00397388,"Asch, Georg Thomas von (1729-1807)","Asch, Georg Thomas von"
,0.608,cnp00397388,"Asch, Georg Thomas von (1729-1807)","Asch, Georg Thomas von"
,0.609,cnp00397388,"Asch, Georg Thomas von (1729-1807)","Asch, Georg Thomas von"
,0.61,cnp00397388,"Asch, Georg Thomas von (1729-1807)","Asch, Georg Thomas von"
,0.611,cnp00397388,"Asch, Georg Thomas von (1729-1807)","Asch, Georg Thomas von"
,0.612,cnp00397388,"Asch, Georg Thomas von (1729-1807)","Asch, Georg Thomas von"
,0.613,cnp00397388,"Asch, Georg Thomas von (1729-1807)","Asch, Georg Thomas von"
,0.614,cnp00397388,"Asch, Georg Thomas von (1729-1807)","Asch, Georg Thomas von"
,0.615,cnp00397388,"Asch, Georg Thomas von (1729-1807)","Asch, Georg Thomas von"
,0.616,cnp00397388,"Asch, Georg Thomas von (1729-1807)","Asch, Georg Thomas von"
,0.617,cnp00397388,"Asch, Georg Thomas von (1729-1807)","Asch, Georg Thomas von"
,0.618,cnp00397388,"Asch, Georg Thomas von (1729-1807)","Asch, Georg Thomas von"
,0.619,cnp00397388,"Asch, Georg Thomas von (1729-1807)","Asch, Georg Thomas von"
,0.62,cnp00397388,"Asch, Georg Thomas von (1729-1807)","Asch, Georg Thomas von"
,0.621,cnp00397388,"Asch, Georg Thomas von (1729-1807)","Asch, Georg Thomas von"
,0.622,cnp00397388,"Asch, Georg Thomas von (1729-1807)","Asch, Georg Thomas von"
,0.623,cnp00397388,"Asch, Georg Thomas von (1729-1807)","Asch, Georg Thomas von"
,0.624,cnp00397388,"Asch, Georg Thomas von (1729-1807)","Asch, Georg Thomas von"
,0.625,cnp00397388,"Asch, Georg Thomas von (1729-1807)","Asch, Georg Thomas von"
,0.626,cnp00397388,"Asch, Georg Thomas von (1729-1807)","Asch, Georg Thomas von"
,0.628,cnp00397388,"Asch, Georg Thomas von (1729-1807)","Asch, Georg Thomas von"
,0.63,cnp00397388,"Asch, Georg Thomas von (1729-1807)","Asch, Georg Thomas von"
,0.631,cnp00397388,"Asch, Georg Thomas von (1729-1807)","Asch, Georg Thomas von"
,0.632,cnp00397388,"Asch, Georg Thomas von (1729-1807)","Asch, Georg Thomas von"
,0.633,cnp00397388,"Asch, Georg Thomas von (1729-1807)","Asch, Georg Thomas von"
,0.634,cnp00397388,"Asch, Georg Thomas von (1729-1807)","Asch, Georg Thomas von"
,0.635,cnp00397388,"Asch, Georg Thomas von (1729-1807)","Asch, Georg Thomas von"
,0.636,cnp00397388,"Asch, Georg Thomas von (1729-1807)","Asch, Georg Thomas von"
,0.637,cnp00397388,"Asch, Georg Thomas von (1729-1807)","Asch, Georg Thomas von"
,0.638,cnp00397388,"Asch, Georg Thomas von (1729-1807)","Asch, Georg Thomas von"
,0.639,cnp00397388,"Asch, Georg Thomas von (1729-1807)","Asch, Georg Thomas von"
,0.641,cnp00397388,"Asch, Georg Thomas von (1729-1807)","Asch, Georg Thomas von"
,0.642,cnp00397388,"Asch, Georg Thomas von (1729-1807)","Asch, Georg Thomas von"
,0.643,cnp00397388,"Asch, Georg Thomas von (1729-1807)","Asch, Georg Thomas von"
,0.644,cnp00397388,"Asch, Georg Thomas von (1729-1807)","Asch, Georg Thomas von"
,0.645,cnp00397388,"Asch, Georg Thomas von (1729-1807)","Asch, Georg Thomas von"
,0.649,cnp00397388,"Asch, Georg Thomas von (1729-1807)","Asch, Georg Thomas von"
,0.65,cnp00397388,"Asch, Georg Thomas von (1729-1807)","Asch, Georg Thomas von"
,0.651,cnp00397388,"Asch, Georg Thomas von (1729-1807)","Asch, Georg Thomas von"
,0.652,cnp00397388,"Asch, Georg Thomas von (1729-1807)","Asch, Georg Thomas von"
,0.656,cnp00397388,"Asch, Georg Thomas von (1729-1807)","Asch, Georg Thomas von"
,0.657,cnp00397388,"Asch, Georg Thomas von (1729-1807)","Asch, Georg Thomas von"
,0.658,cnp00397388,"Asch, Georg Thomas von (1729-1807)","Asch, Georg Thomas von"
,0.659,cnp00397388,"Asch, Georg Thomas von (1729-1807)","Asch, Georg Thomas von"
,0.66,cnp00397388,"Asch, Georg Thomas von (1729-1807)","Asch, Georg Thomas von"
,0.661,cnp00397388,"Asch, Georg Thomas von (1729-1807)","Asch, Georg Thomas von"
,0.662,cnp00397388,"Asch, Georg Thomas von (1729-1807)","Asch, Georg Thomas von"
,0.663,cnp00397388,"Asch, Georg Thomas von (1729-1807)","Asch, Georg Thomas von"
,0.664,cnp00397388,"Asch, Georg Thomas von (1729-1807)","Asch, Georg Thomas von"
,0.666,cnp00397388,"Asch, Georg Thomas von (1729-1807)","Asch, Georg Thomas von"
,0.667,cnp00397388,"Asch, Georg Thomas von (1729-1807)","Asch, Georg Thomas von"
,0.668,cnp00397388,"Asch, Georg Thomas von (1729-1807)","Asch, Georg Thomas von"
,0.669,cnp00397388,"Asch, Georg Thomas von (1729-1807)","Asch, Georg Thomas von"
,0.672,cnp00397388,"Asch, Georg Thomas von (1729-1807)","Asch, Georg Thomas von"
,0.673,cnp00397388,"Asch, Georg Thomas von (1729-1807)","Asch, Georg Thomas von"
,0.674,cnp00397388,"Asch, Georg Thomas von (1729-1807)","Asch, Georg Thomas von"
,0.675,cnp00397388,"Asch, Georg Thomas von (1729-1807)","Asch, Georg Thomas von"
,0.678,cnp00397388,"Asch, Georg Thomas von (1729-1807)","Asch, Georg Thomas von"
,0.681,cnp00397388,"Asch, Georg Thomas von (1729-1807)","Asch, Georg Thomas von"
,0.682,cnp00397388,"Asch, Georg Thomas von (1729-1807)","Asch, Georg Thomas von"
,0.683,cnp00397388,"Asch, Georg Thomas von (1729-1807)","Asch, Georg Thomas von"
,0.684,cnp00397388,"Asch, Georg Thomas von (1729-1807)","Asch, Georg Thomas von"
,0.685,cnp00397388,"Asch, Georg Thomas von (1729-1807)","Asch, Georg Thomas von"
,0.687,cnp00397388,"Asch, Georg Thomas von (1729-1807)","Asch, Georg Thomas von"
,0.688,cnp00397388,"Asch, Georg Thomas von (1729-1807)","Asch, Georg Thomas von"
,0.689,cnp00397388,"Asch, Georg Thomas von (1729-1807)","Asch, Georg Thomas von"
,0.69,cnp00397388,"Asch, Georg Thomas von (1729-1807)","Asch, Georg Thomas von"
,0.691,cnp00397388,"Asch, Georg Thomas von (1729-1807)","Asch, Georg Thomas von"
,0.692,cnp00397388,"Asch, Georg Thomas von (1729-1807)","Asch, Georg Thomas von"
,0.693,cnp00397388,"Asch, Georg Thomas von (1729-1807)","Asch, Georg Thomas von"
,0.694,cnp00397388,"Asch, Georg Thomas von (1729-1807)","Asch, Georg Thomas von"
,0.695,cnp00397388,"Asch, Georg Thomas von (1729-1807)","Asch, Georg Thomas von"
,0.696,cnp00397388,"Asch, Georg Thomas von (1729-1807)","Asch, Georg Thomas von"
,0.697,cnp00397388,"Asch, Georg Thomas von (1729-1807)","Asch, Georg Thomas von"
,0.699,cnp00397388,"Asch, Georg Thomas von (1729-1807)","Asch, Georg Thomas von"
,0.7,cnp00397388,"Asch, Georg Thomas von (1729-1807)","Asch, Georg Thomas von"
,0.701,cnp00397388,"Asch, Georg Thomas von (1729-1807)","Asch, Georg Thomas von"
,0.702,cnp00397388,"Asch, Georg Thomas von (1729-1807)","Asch, Georg Thomas von"
,0.703,cnp00397388,"Asch, Georg Thomas von (1729-1807)","Asch, Georg Thomas von"
,0.704,cnp00397388,"Asch, Georg Thomas von (1729-1807)","Asch, Georg Thomas von"
,0.705,cnp00397388,"Asch, Georg Thomas von (1729-1807)","Asch, Georg Thomas von"
,0.706,cnp00397388,"Asch, Georg Thomas von (1729-1807)","Asch, Georg Thomas von"
,0.707,cnp00397388,"Asch, Georg Thomas von (1729-1807)","Asch, Georg Thomas von"
,0.708,cnp00397388,"Asch, Georg Thomas von (1729-1807)","Asch, Georg Thomas von"
,0.709,cnp00397388,"Asch, Georg Thomas von (1729-1807)","Asch, Georg Thomas von"
,0.71,cnp00397388,"Asch, Georg Thomas von (1729-1807)","Asch, Georg Thomas von"
,0.714,cnp00397388,"Asch, Georg Thomas von (1729-1807)","Asch, Georg Thomas von"
,0.715,cnp00397388,"Asch, Georg Thomas von (1729-1807)","Asch, Georg Thomas von"
,0.757,cnp00397388,"Asch, Georg Thomas von (1729-1807)","Asch, Georg Thomas von"
,0.758,cnp00397388,"Asch, Georg Thomas von (1729-1807)","Asch, Georg Thomas von"
,0.761,cnp00397388,"Asch, Georg Thomas von (1729-1807)","Asch, Georg Thomas von"
,0.771,cnp00397388,"Asch, Georg Thomas von (1729-1807)","Asch, Georg Thomas von"
,0.772,cnp00397388,"Asch, Georg Thomas von (1729-1807)","Asch, Georg Thomas von"
,0.776,cnp00397388,"Asch, Georg Thomas von (1729-1807)","Asch, Georg Thomas von"
,0.777,cnp00397388,"Asch, Georg Thomas von (1729-1807)","Asch, Georg Thomas von"
,0.778,cnp00397388,"Asch, Georg Thomas von (1729-1807)","Asch, Georg Thomas von"
,0.779,cnp00397388,"Asch, Georg Thomas von (1729-1807)","Asch, Georg Thomas von"
,0.78,cnp00397388,"Asch, Georg Thomas von (1729-1807)","Asch, Georg Thomas von"
,0.781,cnp00397388,"Asch, Georg Thomas von (1729-1807)","Asch, Georg Thomas von"
,0.782,cnp00397388,"Asch, Georg Thomas von (1729-1807)","Asch, Georg Thomas von"
,0.783,cnp00397388,"Asch, Georg Thomas von (1729-1807)","Asch, Georg Thomas von"
,0.785,cnp00397388,"Asch, Georg Thomas von (1729-1807)","Asch, Georg Thomas von"
,0.786,cnp00397388,"Asch, Georg Thomas von (1729-1807)","Asch, Georg Thomas von"
,0.787,cnp00397388,"Asch, Georg Thomas von (1729-1807)","Asch, Georg Thomas von"
,0.788,cnp00397388,"Asch, Georg Thomas von (1729-1807)","Asch, Georg Thomas von"
,0.789,cnp00397388,"Asch, Georg Thomas von (1729-1807)","Asch, Georg Thomas von"
,0.79,cnp00397388,"Asch, Georg Thomas von (1729-1807)","Asch, Georg Thomas von"
,0.791,cnp00397388,"Asch, Georg Thomas von (1729-1807)","Asch, Georg Thomas von"
,0.792,cnp00397388,"Asch, Georg Thomas von (1729-1807)","Asch, Georg Thomas von"
,0.793,cnp00397388,"Asch, Georg Thomas von (1729-1807)","Asch, Georg Thomas von"
,0.794,cnp00397388,"Asch, Georg Thomas von (1729-1807)","Asch, Georg Thomas von"
,0.795,cnp00397388,"Asch, Georg Thomas von (1729-1807)","Asch, Georg Thomas von"
,0.796,cnp00397388,"Asch, Georg Thomas von (1729-1807)","Asch, Georg Thomas von"
,0.797,cnp00397388,"Asch, Georg Thomas von (1729-1807)","Asch, Georg Thomas von"
,0.798,cnp00397388,"Asch, Georg Thomas von (1729-1807)","Asch, Georg Thomas von"
,0.799,cnp00397388,"Asch, Georg Thomas von (1729-1807)","Asch, Georg Thomas von"
,0.8,cnp00397388,"Asch, Georg Thomas von (1729-1807)","Asch, Georg Thomas von"
,0.801,cnp00397388,"Asch, Georg Thomas von (1729-1807)","Asch, Georg Thomas von"
,0.803,cnp00397388,"Asch, Georg Thomas von (1729-1807)","Asch, Georg Thomas von"
,0.804,cnp00397388,"Asch, Georg Thomas von (1729-1807)","Asch, Georg Thomas von"
,0.805,cnp00397388,"Asch, Georg Thomas von (1729-1807)","Asch, Georg Thomas von"
,0.806,cnp00397388,"Asch, Georg Thomas von (1729-1807)","Asch, Georg Thomas von"
,0.807,cnp00397388,"Asch, Georg Thomas von (1729-1807)","Asch, Georg Thomas von"
,0.808,cnp00397388,"Asch, Georg Thomas von (1729-1807)","Asch, Georg Thomas von"
,0.809,cnp00397388,"Asch, Georg Thomas von (1729-1807)","Asch, Georg Thomas von"
,0.81,cnp00397388,"Asch, Georg Thomas von (1729-1807)","Asch, Georg Thomas von"
,0.811,cnp00397388,"Asch, Georg Thomas von (1729-1807)","Asch, Georg Thomas von"
,0.812,cnp00397388,"Asch, Georg Thomas von (1729-1807)","Asch, Georg Thomas von"
,0.883,cnp00397388,"Asch, Georg Thomas von (1729-1807)","Asch, Georg Thomas von"
,0.884,cnp00397388,"Asch, Georg Thomas von (1729-1807)","Asch, Georg Thomas von"
,0.885,cnp00397388,"Asch, Georg Thomas von (1729-1807)","Asch, Georg Thomas von"
,0.895,cnp00397388,"Asch, Georg Thomas von (1729-1807)","Asch, Georg Thomas von"
,0.898,cnp00397388,"Asch, Georg Thomas von (1729-1807)","Asch, Georg Thomas von"
,0.899,cnp00397388,"Asch, Georg Thomas von (1729-1807)","Asch, Georg Thomas von"
,0.9,cnp00397388,"Asch, Georg Thomas von (1729-1807)","Asch, Georg Thomas von"
,0.901,cnp00397388,"Asch, Georg Thomas von (1729-1807)","Asch, Georg Thomas von"
,0.902,cnp00397388,"Asch, Georg Thomas von (1729-1807)","Asch, Georg Thomas von"
,0.903,cnp00397388,"Asch, Georg Thomas von (1729-1807)","Asch, Georg Thomas von"
,0.904,cnp00397388,"Asch, Georg Thomas von (1729-1807)","Asch, Georg Thomas von"
,0.905,cnp00397388,"Asch, Georg Thomas von (1729-1807)","Asch, Georg Thomas von"
,0.906,cnp00397388,"Asch, Georg Thomas von (1729-1807)","Asch, Georg Thomas von"
,0.907,cnp00397388,"Asch, Georg Thomas von (1729-1807)","Asch, Georg Thomas von"
,0.908,cnp00397388,"Asch, Georg Thomas von (1729-1807)","Asch, Georg Thomas von"
,0.909,cnp00397388,"Asch, Georg Thomas von (1729-1807)","Asch, Georg Thomas von"
,0.91,cnp00397388,"Asch, Georg Thomas von (1729-1807)","Asch, Georg Thomas von"
,0.911,cnp00397388,"Asch, Georg Thomas von (1729-1807)","Asch, Georg Thomas von"
,0.912,cnp00397388,"Asch, Georg Thomas von (1729-1807)","Asch, Georg Thomas von"
,0.913,cnp00397388,"Asch, Georg Thomas von (1729-1807)","Asch, Georg Thomas von"
,0.914,cnp00397388,"Asch, Georg Thomas von (1729-1807)","Asch, Georg Thomas von"
,0.915,cnp00397388,"Asch, Georg Thomas von (1729-1807)","Asch, Georg Thomas von"
,0.919,cnp00397388,"Asch, Georg Thomas von (1729-1807)","Asch, Georg Thomas von"
,0.92,cnp00397388,"Asch, Georg Thomas von (1729-1807)","Asch, Georg Thomas von"
,0.921,cnp00397388,"Asch, Georg Thomas von (1729-1807)","Asch, Georg Thomas von"
,0.922,cnp00397388,"Asch, Georg Thomas von (1729-1807)","Asch, Georg Thomas von"
,0.923,cnp00397388,"Asch, Georg Thomas von (1729-1807)","Asch, Georg Thomas von"
,0.924,cnp00397388,"Asch, Georg Thomas von (1729-1807)","Asch, Georg Thomas von"
,0.925,cnp00397388,"Asch, Georg Thomas von (1729-1807)","Asch, Georg Thomas von"
,0.926,cnp00397388,"Asch, Georg Thomas von (1729-1807)","Asch, Georg Thomas von"
,0.927,cnp00397388,"Asch, Georg Thomas von (1729-1807)","Asch, Georg Thomas von"
,0.928,cnp00397388,"Asch, Georg Thomas von (1729-1807)","Asch, Georg Thomas von"
,0.929,cnp00397388,"Asch, Georg Thomas von (1729-1807)","Asch, Georg Thomas von"
,0.93,cnp00397388,"Asch, Georg Thomas von (1729-1807)","Asch, Georg Thomas von"
,0.931,cnp00397388,"Asch, Georg Thomas von (1729-1807)","Asch, Georg Thomas von"
,0.932,cnp00397388,"Asch, Georg Thomas von (1729-1807)","Asch, Georg Thomas von"
,0.938,cnp00397388,"Asch, Georg Thomas von (1729-1807)","Asch, Georg Thomas von"
,0.939,cnp00397388,"Asch, Georg Thomas von (1729-1807)","Asch, Georg Thomas von"
,0.94,cnp00397388,"Asch, Georg Thomas von (1729-1807)","Asch, Georg Thomas von"
,0.941,cnp00397388,"Asch, Georg Thomas von (1729-1807)","Asch, Georg Thomas von"
,0.942,cnp00397388,"Asch, Georg Thomas von (1729-1807)","Asch, Georg Thomas von"
,0.943,cnp00397388,"Asch, Georg Thomas von (1729-1807)","Asch, Georg Thomas von"
,0.944,cnp00397388,"Asch, Georg Thomas von (1729-1807)","Asch, Georg Thomas von"
,0.945,cnp00397388,"Asch, Georg Thomas von (1729-1807)","Asch, Georg Thomas von"
,0.946,cnp00397388,"Asch, Georg Thomas von (1729-1807)","Asch, Georg Thomas von"
,0.947,cnp00397388,"Asch, Georg Thomas von (1729-1807)","Asch, Georg Thomas von"
,0.948,cnp00397388,"Asch, Georg Thomas von (1729-1807)","Asch, Georg Thomas von"
,0.949,cnp00397388,"Asch, Georg Thomas von (1729-1807)","Asch, Georg Thomas von"
,0.95,cnp00397388,"Asch, Georg Thomas von (1729-1807)","Asch, Georg Thomas von"
,0.951,cnp00397388,"Asch, Georg Thomas von (1729-1807)","Asch, Georg Thomas von"
,0.952,cnp00397388,"Asch, Georg Thomas von (1729-1807)","Asch, Georg Thomas von"
,0.953,cnp00397388,"Asch, Georg Thomas von (1729-1807)","Asch, Georg Thomas von"
,0.954,cnp00397388,"Asch, Georg Thomas von (1729-1807)","Asch, Georg Thomas von"
,0.955,cnp00397388,"Asch, Georg Thomas von (1729-1807)","Asch, Georg Thomas von"
,0.956,cnp00397388,"Asch, Georg Thomas von (1729-1807)","Asch, Georg Thomas von"
,0.957,cnp00397388,"Asch, Georg Thomas von (1729-1807)","Asch, Georg Thomas von"
,0.958,cnp00397388,"Asch, Georg Thomas von (1729-1807)","Asch, Georg Thomas von"
,0.959,cnp00397388,"Asch, Georg Thomas von (1729-1807)","Asch, Georg Thomas von"
,0.96,cnp00397388,"Asch, Georg Thomas von (1729-1807)","Asch, Georg Thomas von"
,0.961,cnp00397388,"Asch, Georg Thomas von (1729-1807)","Asch, Georg Thomas von"
,0.962,cnp00397388,"Asch, Georg Thomas von (1729-1807)","Asch, Georg Thomas von"
,0.964,cnp00397388,"Asch, Georg Thomas von (1729-1807)","Asch, Georg Thomas von"
,0.965,cnp00397388,"Asch, Georg Thomas von (1729-1807)","Asch, Georg Thomas von"
,0.966,cnp00397388,"Asch, Georg Thomas von (1729-1807)","Asch, Georg Thomas von"
,0.975,cnp00397388,"Asch, Georg Thomas von (1729-1807)","Asch, Georg Thomas von"
,0.976,cnp00397388,"Asch, Georg Thomas von (1729-1807)","Asch, Georg Thomas von"
,0.977,cnp00397388,"Asch, Georg Thomas von (1729-1807)","Asch, Georg Thomas von"
,0.978,cnp00397388,"Asch, Georg Thomas von (1729-1807)","Asch, Georg Thomas von"
,0.979,cnp00397388,"Asch, Georg Thomas von (1729-1807)","Asch, Georg Thomas von"
,0.98,cnp00397388,"Asch, Georg Thomas von (1729-1807)","Asch, Georg Thomas von"
,0.981,cnp00397388,"Asch, Georg Thomas von (1729-1807)","Asch, Georg Thomas von"
,0.982,cnp00397388,"Asch, Georg Thomas von (1729-1807)","Asch, Georg Thomas von"
,0.983,cnp00397388,"Asch, Georg Thomas von (1729-1807)","Asch, Georg Thomas von"
,0.984,cnp00397388,"Asch, Georg Thomas von (1729-1807)","Asch, Georg Thomas von"
,0.985,cnp00397388,"Asch, Georg Thomas von (1729-1807)","Asch, Georg Thomas von"
,0.986,cnp00397388,"Asch, Georg Thomas von (1729-1807)","Asch, Georg Thomas von"
,0.987,cnp00397388,"Asch, Georg Thomas von (1729-1807)","Asch, Georg Thomas von"
,0.988,cnp00397388,"Asch, Georg Thomas von (1729-1807)","Asch, Georg Thomas von"
,0.989,cnp00397388,"Asch, Georg Thomas von (1729-1807)","Asch, Georg Thomas von"
,0.99,cnp00397388,"Asch, Georg Thomas von (1729-1807)","Asch, Georg Thomas von"
,0.991,cnp00397388,"Asch, Georg Thomas von (1729-1807)","Asch, Georg Thomas von"
,0.992,cnp00397388,"Asch, Georg Thomas von (1729-1807)","Asch, Georg Thomas von"
,0.993,cnp00397388,"Asch, Georg Thomas von (1729-1807)","Asch, Georg Thomas von"
,0.994,cnp00397388,"Asch, Georg Thomas von (1729-1807)","Asch, Georg Thomas von"
,0.995,cnp00397388,"Asch, Georg Thomas von (1729-1807)","Asch, Georg Thomas von"
,0.996,cnp00397388,"Asch, Georg Thomas von (1729-1807)","Asch, Georg Thomas von"
,0.997,cnp00397388,"Asch, Georg Thomas von (1729-1807)","Asch, Georg Thomas von"
,0.998,cnp00397388,"Asch, Georg Thomas von (1729-1807)","Asch, Georg Thomas von"
,1.003,cnp00397388,"Asch, Georg Thomas von (1729-1807)","Asch, Georg Thomas von"
,1.004,cnp00397388,"Asch, Georg Thomas von (1729-1807)","Asch, Georg Thomas von"
,1.005,cnp00397388,"Asch, Georg Thomas von (1729-1807)","Asch, Georg Thomas von"
,1.006,cnp00397388,"Asch, Georg Thomas von (1729-1807)","Asch, Georg Thomas von"
,1.007,cnp00397388,"Asch, Georg Thomas von (1729-1807)","Asch, Georg Thomas von"
,1.008,cnp00397388,"Asch, Georg Thomas von (1729-1807)","Asch, Georg Thomas von"
,1.009,cnp00397388,"Asch, Georg Thomas von (1729-1807)","Asch, Georg Thomas von"
,1.01,cnp00397388,"Asch, Georg Thomas von (1729-1807)","Asch, Georg Thomas von"
,1.011,cnp00397388,"Asch, Georg Thomas von (1729-1807)","Asch, Georg Thomas von"
,1.012,cnp00397388,"Asch, Georg Thomas von (1729-1807)","Asch, Georg Thomas von"
,1.013,cnp00397388,"Asch, Georg Thomas von (1729-1807)","Asch, Georg Thomas von"
,1.014,cnp00397388,"Asch, Georg Thomas von (1729-1807)","Asch, Georg Thomas von"
,1.015,cnp00397388,"Asch, Georg Thomas von (1729-1807)","Asch, Georg Thomas von"
,1.016,cnp00397388,"Asch, Georg Thomas von (1729-1807)","Asch, Georg Thomas von"
,1.017,cnp00397388,"Asch, Georg Thomas von (1729-1807)","Asch, Georg Thomas von"
,1.018,cnp00397388,"Asch, Georg Thomas von (1729-1807)","Asch, Georg Thomas von"
,1.019,cnp00397388,"Asch, Georg Thomas von (1729-1807)","Asch, Georg Thomas von"
,1.02,cnp00397388,"Asch, Georg Thomas von (1729-1807)","Asch, Georg Thomas von"
,1.021,cnp00397388,"Asch, Georg Thomas von (1729-1807)","Asch, Georg Thomas von"
,1.022,cnp00397388,"Asch, Georg Thomas von (1729-1807)","Asch, Georg Thomas von"
,1.023,cnp00397388,"Asch, Georg Thomas von (1729-1807)","Asch, Georg Thomas von"
,1.024,cnp00397388,"Asch, Georg Thomas von (1729-1807)","Asch, Georg Thomas von"
,1.025,cnp00397388,"Asch, Georg Thomas von (1729-1807)","Asch, Georg Thomas von"
,1.026,cnp00397388,"Asch, Georg Thomas von (1729-1807)","Asch, Georg Thomas von"
,1.027,cnp00397388,"Asch, Georg Thomas von (1729-1807)","Asch, Georg Thomas von"
,1.028,cnp00397388,"Asch, Georg Thomas von (1729-1807)","Asch, Georg Thomas von"
,1.029,cnp00397388,"Asch, Georg Thomas von (1729-1807)","Asch, Georg Thomas von"
,1.03,cnp00397388,"Asch, Georg Thomas von (1729-1807)","Asch, Georg Thomas von"
,1.031,cnp00397388,"Asch, Georg Thomas von (1729-1807)","Asch, Georg Thomas von"
,1.032,cnp00397388,"Asch, Georg Thomas von (1729-1807)","Asch, Georg Thomas von"
,1.033,cnp00397388,"Asch, Georg Thomas von (1729-1807)","Asch, Georg Thomas von"
,1.034,cnp00397388,"Asch, Georg Thomas von (1729-1807)","Asch, Georg Thomas von"
,1.035,cnp00397388,"Asch, Georg Thomas von (1729-1807)","Asch, Georg Thomas von"
,1.036,cnp00397388,"Asch, Georg Thomas von (1729-1807)","Asch, Georg Thomas von"
,1.037,cnp00397388,"Asch, Georg Thomas von (1729-1807)","Asch, Georg Thomas von"
,1.038,cnp00397388,"Asch, Georg Thomas von (1729-1807)","Asch, Georg Thomas von"
,1.039,cnp00397388,"Asch, Georg Thomas von (1729-1807)","Asch, Georg Thomas von"
,1.04,cnp00397388,"Asch, Georg Thomas von (1729-1807)","Asch, Georg Thomas von"
,1.041,cnp00397388,"Asch, Georg Thomas von (1729-1807)","Asch, Georg Thomas von"
,1.042,cnp00397388,"Asch, Georg Thomas von (1729-1807)","Asch, Georg Thomas von"
,1.043,cnp00397388,"Asch, Georg Thomas von (1729-1807)","Asch, Georg Thomas von"
,1.044,cnp00397388,"Asch, Georg Thomas von (1729-1807)","Asch, Georg Thomas von"
,1.045,cnp00397388,"Asch, Georg Thomas von (1729-1807)","Asch, Georg Thomas von"
,1.046,cnp00397388,"Asch, Georg Thomas von (1729-1807)","Asch, Georg Thomas von"
,1.047,cnp00397388,"Asch, Georg Thomas von (1729-1807)","Asch, Georg Thomas von"
,1.048,cnp00397388,"Asch, Georg Thomas von (1729-1807)","Asch, Georg Thomas von"
,1.049,cnp00397388,"Asch, Georg Thomas von (1729-1807)","Asch, Georg Thomas von"
,1.05,cnp00397388,"Asch, Georg Thomas von (1729-1807)","Asch, Georg Thomas von"
,1.051,cnp00397388,"Asch, Georg Thomas von (1729-1807)","Asch, Georg Thomas von"
,1.052,cnp00397388,"Asch, Georg Thomas von (1729-1807)","Asch, Georg Thomas von"
,1.053,cnp00397388,"Asch, Georg Thomas von (1729-1807)","Asch, Georg Thomas von"
,1.054,cnp00397388,"Asch, Georg Thomas von (1729-1807)","Asch, Georg Thomas von"
,1.055,cnp00397388,"Asch, Georg Thomas von (1729-1807)","Asch, Georg Thomas von"
,1.056,cnp00397388,"Asch, Georg Thomas von (1729-1807)","Asch, Georg Thomas von"
,1.057,cnp00397388,"Asch, Georg Thomas von (1729-1807)","Asch, Georg Thomas von"
,1.058,cnp00397388,"Asch, Georg Thomas von (1729-1807)","Asch, Georg Thomas von"
,1.06,cnp00397388,"Asch, Georg Thomas von (1729-1807)","Asch, Georg Thomas von"
,1.061,cnp00397388,"Asch, Georg Thomas von (1729-1807)","Asch, Georg Thomas von"
,1.062,cnp00397388,"Asch, Georg Thomas von (1729-1807)","Asch, Georg Thomas von"
,1.535,cnp00397388,"Asch, Georg Thomas von (1729-1807)","Asch, Georg Thomas von"
,1.536,cnp00397388,"Asch, Georg Thomas von (1729-1807)","Asch, Georg Thomas von"
,1.537,cnp00397388,"Asch, Georg Thomas von (1729-1807)","Asch, Georg Thomas von"
,1.538,cnp00397388,"Asch, Georg Thomas von (1729-1807)","Asch, Georg Thomas von"
,1.539,cnp00397388,"Asch, Georg Thomas von (1729-1807)","Asch, Georg Thomas von"
,1.54,cnp00397388,"Asch, Georg Thomas von (1729-1807)","Asch, Georg Thomas von"
,1.541,cnp00397388,"Asch, Georg Thomas von (1729-1807)","Asch, Georg Thomas von"
,1.542,cnp00397388,"Asch, Georg Thomas von (1729-1807)","Asch, Georg Thomas von"
,1.543,cnp00397388,"Asch, Georg Thomas von (1729-1807)","Asch, Georg Thomas von"
,1.544,cnp00397388,"Asch, Georg Thomas von (1729-1807)","Asch, Georg Thomas von"
,1.545,cnp00397388,"Asch, Georg Thomas von (1729-1807)","Asch, Georg Thomas von"
,1.546,cnp00397388,"Asch, Georg Thomas von (1729-1807)","Asch, Georg Thomas von"
,1.547,cnp00397388,"Asch, Georg Thomas von (1729-1807)","Asch, Georg Thomas von"
,1.548,cnp00397388,"Asch, Georg Thomas von (1729-1807)","Asch, Georg Thomas von"
,1.549,cnp00397388,"Asch, Georg Thomas von (1729-1807)","Asch, Georg Thomas von"
,1.55,cnp00397388,"Asch, Georg Thomas von (1729-1807)","Asch, Georg Thomas von"
,1.551,cnp00397388,"Asch, Georg Thomas von (1729-1807)","Asch, Georg Thomas von"
,1.552,cnp00397388,"Asch, Georg Thomas von (1729-1807)","Asch, Georg Thomas von"
,1.557,cnp00397388,"Asch, Georg Thomas von (1729-1807)","Asch, Georg Thomas von"
,1.843,cnp00397388,"Asch, Georg Thomas von (1729-1807)","Asch, Georg Thomas von"
,1.844,cnp00397388,"Asch, Georg Thomas von (1729-1807)","Asch, Georg Thomas von"
,1.858,cnp00397388,"Asch, Georg Thomas von (1729-1807)","Asch, Georg Thomas von"
,1.874,cnp00397388,"Asch, Georg Thomas von (1729-1807)","Asch, Georg Thomas von"
,1.878,cnp00397388,"Asch, Georg Thomas von (1729-1807)","Asch, Georg Thomas von"
,1.9,cnp00397388,"Asch, Georg Thomas von (1729-1807)","Asch, Georg Thomas von"
,1.964,cnp00397388,"Asch, Georg Thomas von (1729-1807)","Asch, Georg Thomas von"
,1.965,cnp00397388,"Asch, Georg Thomas von (1729-1807)","Asch, Georg Thomas von"
,1.966,cnp00397388,"Asch, Georg Thomas von (1729-1807)","Asch, Georg Thomas von"
,1.967,cnp00397388,"Asch, Georg Thomas von (1729-1807)","Asch, Georg Thomas von"
,1.968,cnp00397388,"Asch, Georg Thomas von (1729-1807)","Asch, Georg Thomas von"
,1.969,cnp00397388,"Asch, Georg Thomas von (1729-1807)","Asch, Georg Thomas von"
,1.971,cnp00397388,"Asch, Georg Thomas von (1729-1807)","Asch, Georg Thomas von"
,1.972,cnp00397388,"Asch, Georg Thomas von (1729-1807)","Asch, Georg Thomas von"
,1.973,cnp00397388,"Asch, Georg Thomas von (1729-1807)","Asch, Georg Thomas von"
,1.974,cnp00397388,"Asch, Georg Thomas von (1729-1807)","Asch, Georg Thomas von"
,1.975,cnp00397388,"Asch, Georg Thomas von (1729-1807)","Asch, Georg Thomas von"
,1.976,cnp00397388,"Asch, Georg Thomas von (1729-1807)","Asch, Georg Thomas von"
,1.977,cnp00397388,"Asch, Georg Thomas von (1729-1807)","Asch, Georg Thomas von"
,1.978,cnp00397388,"Asch, Georg Thomas von (1729-1807)","Asch, Georg Thomas von"
,1.979,cnp00397388,"Asch, Georg Thomas von (1729-1807)","Asch, Georg Thomas von"
,1.98,cnp00397388,"Asch, Georg Thomas von (1729-1807)","Asch, Georg Thomas von"
,1.983,cnp00397388,"Asch, Georg Thomas von (1729-1807)","Asch, Georg Thomas von"
,1.984,cnp00397388,"Asch, Georg Thomas von (1729-1807)","Asch, Georg Thomas von"
,1.985,cnp00397388,"Asch, Georg Thomas von (1729-1807)","Asch, Georg Thomas von"
,1.986,cnp00397388,"Asch, Georg Thomas von (1729-1807)","Asch, Georg Thomas von"
,1.988,cnp00397388,"Asch, Georg Thomas von (1729-1807)","Asch, Georg Thomas von"
,1.989,cnp00397388,"Asch, Georg Thomas von (1729-1807)","Asch, Georg Thomas von"
,1.994,cnp00397388,"Asch, Georg Thomas von (1729-1807)","Asch, Georg Thomas von"
,1.995,cnp00397388,"Asch, Georg Thomas von (1729-1807)","Asch, Georg Thomas von"
,1.996,cnp00397388,"Asch, Georg Thomas von (1729-1807)","Asch, Georg Thomas von"
,1.997,cnp00397388,"Asch, Georg Thomas von (1729-1807)","Asch, Georg Thomas von"
,1.998,cnp00397388,"Asch, Georg Thomas von (1729-1807)","Asch, Georg Thomas von"
,1.999,cnp00397388,"Asch, Georg Thomas von (1729-1807)","Asch, Georg Thomas von"
,2,cnp00397388,"Asch, Georg Thomas von (1729-1807)","Asch, Georg Thomas von"
,2.001,cnp00397388,"Asch, Georg Thomas von (1729-1807)","Asch, Georg Thomas von"
,2.005,cnp00397388,"Asch, Georg Thomas von (1729-1807)","Asch, Georg Thomas von"
,2.006,cnp00397388,"Asch, Georg Thomas von (1729-1807)","Asch, Georg Thomas von"
,2.007,cnp00397388,"Asch, Georg Thomas von (1729-1807)","Asch, Georg Thomas von"
,2.011,cnp00397388,"Asch, Georg Thomas von (1729-1807)","Asch, Georg Thomas von"
,2.012,cnp00397388,"Asch, Georg Thomas von (1729-1807)","Asch, Georg Thomas von"
,2.013,cnp00397388,"Asch, Georg Thomas von (1729-1807)","Asch, Georg Thomas von"
,2.014,cnp00397388,"Asch, Georg Thomas von (1729-1807)","Asch, Georg Thomas von"
,2.016,cnp00397388,"Asch, Georg Thomas von (1729-1807)","Asch, Georg Thomas von"
,2.027,cnp00397388,"Asch, Georg Thomas von (1729-1807)","Asch, Georg Thomas von"
,2.028,cnp00397388,"Asch, Georg Thomas von (1729-1807)","Asch, Georg Thomas von"
,2.029,cnp00397388,"Asch, Georg Thomas von (1729-1807)","Asch, Georg Thomas von"
,2.032,cnp00397388,"Asch, Georg Thomas von (1729-1807)","Asch, Georg Thomas von"
,2.033,cnp00397388,"Asch, Georg Thomas von (1729-1807)","Asch, Georg Thomas von"
,2.034,cnp00397388,"Asch, Georg Thomas von (1729-1807)","Asch, Georg Thomas von"
,2.035,cnp00397388,"Asch, Georg Thomas von (1729-1807)","Asch, Georg Thomas von"
,2.037,cnp00397388,"Asch, Georg Thomas von (1729-1807)","Asch, Georg Thomas von"
,2.038,cnp00397388,"Asch, Georg Thomas von (1729-1807)","Asch, Georg Thomas von"
,2.039,cnp00397388,"Asch, Georg Thomas von (1729-1807)","Asch, Georg Thomas von"
,2.04,cnp00397388,"Asch, Georg Thomas von (1729-1807)","Asch, Georg Thomas von"
,2.041,cnp00397388,"Asch, Georg Thomas von (1729-1807)","Asch, Georg Thomas von"
,2.042,cnp00397388,"Asch, Georg Thomas von (1729-1807)","Asch, Georg Thomas von"
,2.043,cnp00397388,"Asch, Georg Thomas von (1729-1807)","Asch, Georg Thomas von"
,2.044,cnp00397388,"Asch, Georg Thomas von (1729-1807)","Asch, Georg Thomas von"
,2.045,cnp00397388,"Asch, Georg Thomas von (1729-1807)","Asch, Georg Thomas von"
,2.046,cnp00397388,"Asch, Georg Thomas von (1729-1807)","Asch, Georg Thomas von"
,2.047,cnp00397388,"Asch, Georg Thomas von (1729-1807)","Asch, Georg Thomas von"
,2.048,cnp00397388,"Asch, Georg Thomas von (1729-1807)","Asch, Georg Thomas von"
,2.049,cnp00397388,"Asch, Georg Thomas von (1729-1807)","Asch, Georg Thomas von"
,2.05,cnp00397388,"Asch, Georg Thomas von (1729-1807)","Asch, Georg Thomas von"
,2.051,cnp00397388,"Asch, Georg Thomas von (1729-1807)","Asch, Georg Thomas von"
,2.052,cnp00397388,"Asch, Georg Thomas von (1729-1807)","Asch, Georg Thomas von"
,2.053,cnp00397388,"Asch, Georg Thomas von (1729-1807)","Asch, Georg Thomas von"
,2.054,cnp00397388,"Asch, Georg Thomas von (1729-1807)","Asch, Georg Thomas von"
,2.055,cnp00397388,"Asch, Georg Thomas von (1729-1807)","Asch, Georg Thomas von"
,2.056,cnp00397388,"Asch, Georg Thomas von (1729-1807)","Asch, Georg Thomas von"
,2.057,cnp00397388,"Asch, Georg Thomas von (1729-1807)","Asch, Georg Thomas von"
,2.058,cnp00397388,"Asch, Georg Thomas von (1729-1807)","Asch, Georg Thomas von"
,2.059,cnp00397388,"Asch, Georg Thomas von (1729-1807)","Asch, Georg Thomas von"
,2.06,cnp00397388,"Asch, Georg Thomas von (1729-1807)","Asch, Georg Thomas von"
,2.061,cnp00397388,"Asch, Georg Thomas von (1729-1807)","Asch, Georg Thomas von"
,2.062,cnp00397388,"Asch, Georg Thomas von (1729-1807)","Asch, Georg Thomas von"
,2.064,cnp00397388,"Asch, Georg Thomas von (1729-1807)","Asch, Georg Thomas von"
,2.065,cnp00397388,"Asch, Georg Thomas von (1729-1807)","Asch, Georg Thomas von"
,2.066,cnp00397388,"Asch, Georg Thomas von (1729-1807)","Asch, Georg Thomas von"
,2.067,cnp00397388,"Asch, Georg Thomas von (1729-1807)","Asch, Georg Thomas von"
,2.068,cnp00397388,"Asch, Georg Thomas von (1729-1807)","Asch, Georg Thomas von"
,2.069,cnp00397388,"Asch, Georg Thomas von (1729-1807)","Asch, Georg Thomas von"
,2.07,cnp00397388,"Asch, Georg Thomas von (1729-1807)","Asch, Georg Thomas von"
,2.071,cnp00397388,"Asch, Georg Thomas von (1729-1807)","Asch, Georg Thomas von"
,2.072,cnp00397388,"Asch, Georg Thomas von (1729-1807)","Asch, Georg Thomas von"
,2.073,cnp00397388,"Asch, Georg Thomas von (1729-1807)","Asch, Georg Thomas von"
,2.074,cnp00397388,"Asch, Georg Thomas von (1729-1807)","Asch, Georg Thomas von"
,2.075,cnp00397388,"Asch, Georg Thomas von (1729-1807)","Asch, Georg Thomas von"
,2.076,cnp00397388,"Asch, Georg Thomas von (1729-1807)","Asch, Georg Thomas von"
,2.077,cnp00397388,"Asch, Georg Thomas von (1729-1807)","Asch, Georg Thomas von"
,2.078,cnp00397388,"Asch, Georg Thomas von (1729-1807)","Asch, Georg Thomas von"
,2.079,cnp00397388,"Asch, Georg Thomas von (1729-1807)","Asch, Georg Thomas von"
,2.08,cnp00397388,"Asch, Georg Thomas von (1729-1807)","Asch, Georg Thomas von"
,2.081,cnp00397388,"Asch, Georg Thomas von (1729-1807)","Asch, Georg Thomas von"
,2.082,cnp00397388,"Asch, Georg Thomas von (1729-1807)","Asch, Georg Thomas von"
,2.085,cnp00397388,"Asch, Georg Thomas von (1729-1807)","Asch, Georg Thomas von"
,2.086,cnp00397388,"Asch, Georg Thomas von (1729-1807)","Asch, Georg Thomas von"
,2.1,cnp00397388,"Asch, Georg Thomas von (1729-1807)","Asch, Georg Thomas von"
,2.124,cnp00397388,"Asch, Georg Thomas von (1729-1807)","Asch, Georg Thomas von"
,2.136,cnp00397388,"Asch, Georg Thomas von (1729-1807)","Asch, Georg Thomas von"
,2.141,cnp00397388,"Asch, Georg Thomas von (1729-1807)","Asch, Georg Thomas von"
,2.142,cnp00397388,"Asch, Georg Thomas von (1729-1807)","Asch, Georg Thomas von"
,2.143,cnp00397388,"Asch, Georg Thomas von (1729-1807)","Asch, Georg Thomas von"
,2.144,cnp00397388,"Asch, Georg Thomas von (1729-1807)","Asch, Georg Thomas von"
,2.147,cnp00397388,"Asch, Georg Thomas von (1729-1807)","Asch, Georg Thomas von"
,2.148,cnp00397388,"Asch, Georg Thomas von (1729-1807)","Asch, Georg Thomas von"
,369,cnp00397388,"Asch, Georg Thomas von (1729-1807)","Asch, Georg Thomas von"
,461,cnp00397388,"Asch, Georg Thomas von (1729-1807)","Asch, Georg Thomas von"
,465,cnp00397388,"Asch, Georg Thomas von (1729-1807)","Asch, Georg Thomas von"
,466,cnp00397388,"Asch, Georg Thomas von (1729-1807)","Asch, Georg Thomas von"
,468,cnp00397388,"Asch, Georg Thomas von (1729-1807)","Asch, Georg Thomas von"
,470,cnp00397388,"Asch, Georg Thomas von (1729-1807)","Asch, Georg Thomas von"
,471,cnp00397388,"Asch, Georg Thomas von (1729-1807)","Asch, Georg Thomas von"
,475,cnp00397388,"Asch, Georg Thomas von (1729-1807)","Asch, Georg Thomas von"
,476,cnp00397388,"Asch, Georg Thomas von (1729-1807)","Asch, Georg Thomas von"
,485,cnp00397388,"Asch, Georg Thomas von (1729-1807)","Asch, Georg Thomas von"
,492,cnp00397388,"Asch, Georg Thomas von (1729-1807)","Asch, Georg Thomas von"
,506,cnp00397388,"Asch, Georg Thomas von (1729-1807)","Asch, Georg Thomas von"
,513,cnp00397388,"Asch, Georg Thomas von (1729-1807)","Asch, Georg Thomas von"
,514,cnp00397388,"Asch, Georg Thomas von (1729-1807)","Asch, Georg Thomas von"
,522,cnp00397388,"Asch, Georg Thomas von (1729-1807)","Asch, Georg Thomas von"
,530,cnp00397388,"Asch, Georg Thomas von (1729-1807)","Asch, Georg Thomas von"
,531,cnp00397388,"Asch, Georg Thomas von (1729-1807)","Asch, Georg Thomas von"
,543,cnp00397388,"Asch, Georg Thomas von (1729-1807)","Asch, Georg Thomas von"
,544,cnp00397388,"Asch, Georg Thomas von (1729-1807)","Asch, Georg Thomas von"
,545,cnp00397388,"Asch, Georg Thomas von (1729-1807)","Asch, Georg Thomas von"
,567,cnp00397388,"Asch, Georg Thomas von (1729-1807)","Asch, Georg Thomas von"
,568,cnp00397388,"Asch, Georg Thomas von (1729-1807)","Asch, Georg Thomas von"
,569,cnp00397388,"Asch, Georg Thomas von (1729-1807)","Asch, Georg Thomas von"
,574,cnp00397388,"Asch, Georg Thomas von (1729-1807)","Asch, Georg Thomas von"
,575,cnp00397388,"Asch, Georg Thomas von (1729-1807)","Asch, Georg Thomas von"
,576,cnp00397388,"Asch, Georg Thomas von (1729-1807)","Asch, Georg Thomas von"
,582,cnp00397388,"Asch, Georg Thomas von (1729-1807)","Asch, Georg Thomas von"
,584,cnp00397388,"Asch, Georg Thomas von (1729-1807)","Asch, Georg Thomas von"
,0.110a-b,cnp00397388,"Asch, Georg Thomas von (1729-1807)","Asch, Georg Thomas von"
,0.114a-b,cnp00397388,"Asch, Georg Thomas von (1729-1807)","Asch, Georg Thomas von"
,0.414a-b,cnp00397388,"Asch, Georg Thomas von (1729-1807)","Asch, Georg Thomas von"
,0.424a-b,cnp00397388,"Asch, Georg Thomas von (1729-1807)","Asch, Georg Thomas von"
,0.425a-d,cnp00397388,"Asch, Georg Thomas von (1729-1807)","Asch, Georg Thomas von"
,0.429a-b,cnp00397388,"Asch, Georg Thomas von (1729-1807)","Asch, Georg Thomas von"
,0.436a-c,cnp00397388,"Asch, Georg Thomas von (1729-1807)","Asch, Georg Thomas von"
,0.438a-b,cnp00397388,"Asch, Georg Thomas von (1729-1807)","Asch, Georg Thomas von"
,0.454a-c,cnp00397388,"Asch, Georg Thomas von (1729-1807)","Asch, Georg Thomas von"
,0.462a-b,cnp00397388,"Asch, Georg Thomas von (1729-1807)","Asch, Georg Thomas von"
,0.471a-b,cnp00397388,"Asch, Georg Thomas von (1729-1807)","Asch, Georg Thomas von"
,0.489a-b,cnp00397388,"Asch, Georg Thomas von (1729-1807)","Asch, Georg Thomas von"
,0.490a-b,cnp00397388,"Asch, Georg Thomas von (1729-1807)","Asch, Georg Thomas von"
,0.521a-b,cnp00397388,"Asch, Georg Thomas von (1729-1807)","Asch, Georg Thomas von"
,0.558a-g,cnp00397388,"Asch, Georg Thomas von (1729-1807)","Asch, Georg Thomas von"
,0.567a-c,cnp00397388,"Asch, Georg Thomas von (1729-1807)","Asch, Georg Thomas von"
,0.579a-b,cnp00397388,"Asch, Georg Thomas von (1729-1807)","Asch, Georg Thomas von"
,0.593a-c,cnp00397388,"Asch, Georg Thomas von (1729-1807)","Asch, Georg Thomas von"
,0.596a-c,cnp00397388,"Asch, Georg Thomas von (1729-1807)","Asch, Georg Thomas von"
,0.646a-c,cnp00397388,"Asch, Georg Thomas von (1729-1807)","Asch, Georg Thomas von"
,0.653a-c,cnp00397388,"Asch, Georg Thomas von (1729-1807)","Asch, Georg Thomas von"
,0.679a-b,cnp00397388,"Asch, Georg Thomas von (1729-1807)","Asch, Georg Thomas von"
,0.686a-d,cnp00397388,"Asch, Georg Thomas von (1729-1807)","Asch, Georg Thomas von"
,0.698a-b,cnp00397388,"Asch, Georg Thomas von (1729-1807)","Asch, Georg Thomas von"
,0.768a-b,cnp00397388,"Asch, Georg Thomas von (1729-1807)","Asch, Georg Thomas von"
,0.773a-b,cnp00397388,"Asch, Georg Thomas von (1729-1807)","Asch, Georg Thomas von"
,0.774a-b,cnp00397388,"Asch, Georg Thomas von (1729-1807)","Asch, Georg Thomas von"
,0.784a-m,cnp00397388,"Asch, Georg Thomas von (1729-1807)","Asch, Georg Thomas von"
,0.963a-c,cnp00397388,"Asch, Georg Thomas von (1729-1807)","Asch, Georg Thomas von"
,1.059a-b,cnp00397388,"Asch, Georg Thomas von (1729-1807)","Asch, Georg Thomas von"
,1.532a-h,cnp00397388,"Asch, Georg Thomas von (1729-1807)","Asch, Georg Thomas von"
,1.533a-e,cnp00397388,"Asch, Georg Thomas von (1729-1807)","Asch, Georg Thomas von"
,1.534a-b,cnp00397388,"Asch, Georg Thomas von (1729-1807)","Asch, Georg Thomas von"
,1.555a-b,cnp00397388,"Asch, Georg Thomas von (1729-1807)","Asch, Georg Thomas von"
,1.877a-i,cnp00397388,"Asch, Georg Thomas von (1729-1807)","Asch, Georg Thomas von"
,1.879a-b,cnp00397388,"Asch, Georg Thomas von (1729-1807)","Asch, Georg Thomas von"
,1.970a-c,cnp00397388,"Asch, Georg Thomas von (1729-1807)","Asch, Georg Thomas von"
,1.991a-b,cnp00397388,"Asch, Georg Thomas von (1729-1807)","Asch, Georg Thomas von"
,1.992a-b,cnp00397388,"Asch, Georg Thomas von (1729-1807)","Asch, Georg Thomas von"
,2.083a-m,cnp00397388,"Asch, Georg Thomas von (1729-1807)","Asch, Georg Thomas von"
,2.084a-c,cnp00397388,"Asch, Georg Thomas von (1729-1807)","Asch, Georg Thomas von"
,2.087a-b,cnp00397388,"Asch, Georg Thomas von (1729-1807)","Asch, Georg Thomas von"
,2.088a-f,cnp00397388,"Asch, Georg Thomas von (1729-1807)","Asch, Georg Thomas von"
,MISSING ID,cnp00397388,"Asch, Georg Thomas von (1729-1807)","Asch, Georg Thomas von"
CERTAINTY,0.415,cnp00397388,"Asch, Georg Thomas von (1729-1807) ?","Asch, Georg Thomas von"
CERTAINTY,0.556,cnp00397388,"Asch, Georg Thomas von (1729-1807) ?","Asch, Georg Thomas von"
CERTAINTY,0.6,cnp00397388,"Asch, Georg Thomas von (1729-1807) ?","Asch, Georg Thomas von"
CERTAINTY,0.627,cnp00397388,"Asch, Georg Thomas von (1729-1807) ?","Asch, Georg Thomas von"
CERTAINTY,0.629,cnp00397388,"Asch, Georg Thomas von (1729-1807) ?","Asch, Georg Thomas von"
CERTAINTY,0.802,cnp00397388,"Asch, Georg Thomas von (1729-1807) ?","Asch, Georg Thomas von"
FORMAT,o. Nr.,cnp00930830,August Emil Leopold von Sachsen-Gotha-Altenburg (1772-1822),"August <Sachsen-Gotha-Altenburg, Herzog>"
,0.06,cnp01338058,"Banks, Joseph (1743-1820)","Banks, Joseph"
,0.264,cnp01338058,"Banks, Joseph (1743-1820)","Banks, Joseph"
,0.274,cnp01338058,"Banks, Joseph (1743-1820)","Banks, Joseph"
,0.333,cnp01338058,"Banks, Joseph (1743-1820)","Banks, Joseph"
,0.882,cnp01338058,"Banks, Joseph (1743-1820)","Banks, Joseph"
,769,cnp01338058,"Banks, Joseph (1743-1820)","Banks, Joseph"
,778,cnp01338058,"Banks, Joseph (1743-1820)","Banks, Joseph"
,780,cnp01338058,"Banks, Joseph (1743-1820)","Banks, Joseph"
,0.458a-c,cnp01338058,"Banks, Joseph (1743-1820)","Banks, Joseph"
,o. Nr.,cnp01338058,"Banks, Joseph (1743-1820)","Banks, Joseph"
,MISSING ID,cnp01338058,"Banks, Joseph (1743-1820)","Banks, Joseph"
,1.726,,"Baring, ? (????-????)",
,1.930a-b,,"Baur, Wilhelm Friedrich (????-????)",
,0.856,cnp01495658,"Beaulieu-Marconnay, Carl von (1777-1855)","Beaulieu-Marconnay, Carl von"
,672,,"Beneker, Fr. (????-????)",
,587,,"Berger, ? (????-????)",
,669,,"Billmann, Johann Christian (????-????)",
,0.327,cnp01261362,"Biot, Jean Baptiste (1774-1862)","Biot, Jean-Baptiste"
,0.345a-d,cnp01261362,"Biot, Jean Baptiste (1774-1862)","Biot, Jean-Baptiste"
FORMAT,0.26,cnp00997402,"Blane, Gilbert (1749-1834)","Blane, Gilbert <Sir>"
,6,,"Block, Peter Ludwig Heinrich von (1764-1818)",
,401,cnp00833229,"Borgia, Stefano (1731-1804)","Borgia, Stefano"
,358,cnp00964118,"Bozenhard, Emanuel (1748-1799)","Bozenhard, Emanuel"
,o. Nr.,,"Bruns, ? (????-????) [Kaufmann in Bremen]",
,0.156,cnp01494539,"Bryant, Jacob (1715-1804)","Bryant, Jacob"
,2.108,cnp01494539,"Bryant, Jacob (1715-1804)","Bryant, Jacob"
,0.058,,"Buch, Leopold von (1774-1853)",
,0.198,cnp01337307,"Buckland, William (1784-1856)","Buckland, William"
,0.195a-b,cnp01337307,"Buckland, William (1784-1856)","Buckland, William"
,489,cnp00394374,"Bünger, Christian Heinrich (1782-1842)","Bünger, Christian Heinrich"
,404,cnp01435692,"Bunsen, Christian Karl Josias von (1791-1860)","Bunsen, Christian Karl Josias von"
,406,cnp01435692,"Bunsen, Christian Karl Josias von (1791-1860)","Bunsen, Christian Karl Josias von"
FORMAT,0.341,cnp00103587,"Butenschön, Johann Friedrich (1764-1842))","Butenschön, Johann F."
,371,cnp00321759,"Buxton, Isaac (1773-1825)","Buxton, Isaac"
,373,cnp00321759,"Buxton, Isaac (1773-1825)","Buxton, Isaac"
,848,cnp00160062,"Caldcleugh, Alexander (1795-1858)","Caldcleugh, Alexander"
,0.318,cnp00394455,"Chladni, Ernst Florens Friedrich (1756-1827)","Chladni, Ernst Florens Friedrich"
,0.319a-c,cnp00394455,"Chladni, Ernst Florens Friedrich (1756-1827)","Chladni, Ernst Florens Friedrich"
FORMAT,2.002,cnp00896149,"Christian (Dänemark, König, VIII.) (1786-1848, )","Christian <Dänemark, König, VIII.>"
FORMAT,o. Nr.,cnp00896149,"Christian (Dänemark, König, VIII.) (1786-1848, )","Christian <Dänemark, König, VIII.>"
FORMAT,0.239,cnp00896149,"Christian (Dänemark, König, VIII.) (1786-1848)","Christian <Dänemark, König, VIII.>"
FORMAT,0.569,cnp00896149,"Christian (Dänemark, König, VIII.) (1786-1848)","Christian <Dänemark, König, VIII.>"
FORMAT,0.736,cnp00896149,"Christian (Dänemark, König, VIII.) (1786-1848)","Christian <Dänemark, König, VIII.>"
FORMAT,1.679,cnp00896149,"Christian (Dänemark, König, VIII.) (1786-1848)","Christian <Dänemark, König, VIII.>"
FORMAT,1.72,cnp00896149,"Christian (Dänemark, König, VIII.) (1786-1848)","Christian <Dänemark, König, VIII.>"
FORMAT,1.802,cnp00896149,"Christian (Dänemark, König, VIII.) (1786-1848)","Christian <Dänemark, König, VIII.>"
FORMAT,1.845,cnp00896149,"Christian (Dänemark, König, VIII.) (1786-1848)","Christian <Dänemark, König, VIII.>"
FORMAT,1.945,cnp00896149,"Christian (Dänemark, König, VIII.) (1786-1848)","Christian <Dänemark, König, VIII.>"
FORMAT,702,cnp00896149,"Christian (Dänemark, König, VIII.) (1786-1848)","Christian <Dänemark, König, VIII.>"
FORMAT,0.735a-f,cnp00896149,"Christian (Dänemark, König, VIII.) (1786-1848)","Christian <Dänemark, König, VIII.>"
CERTAINTY,0.237,,Christian Gottlieb Pötzsch / Herr E. v. Liebenroth ?,
,589,cnp01342047,"Crawfurd, John (1783-1868)","Crawfurd, John"
,590,cnp01342047,"Crawfurd, John (1783-1868)","Crawfurd, John"
,0.435,cnp01438867,"Crichton, Alexander (1763-1856)","Crichton, Alexander"
,1.771,cnp01438867,"Crichton, Alexander (1763-1856)","Crichton, Alexander"
,1.772,cnp01438867,"Crichton, Alexander (1763-1856)","Crichton, Alexander"
,1.926,cnp01438867,"Crichton, Alexander (1763-1856)","Crichton, Alexander"
,350,cnp01266217,"Crull, Wolter Hendrik (1784-1816)","Crull, Wolter Hendrik"
,351,cnp01266217,"Crull, Wolter Hendrik (1784-1816)","Crull, Wolter Hendrik"
,352,cnp01266217,"Crull, Wolter Hendrik (1784-1816)","Crull, Wolter Hendrik"
,353,cnp01266217,"Crull, Wolter Hendrik (1784-1816)","Crull, Wolter Hendrik"
,354,cnp01266217,"Crull, Wolter Hendrik (1784-1816)","Crull, Wolter Hendrik"
,0.265,cnp01276563,"Danz, Georg Friedrich (1733-1813)","Danz, Georg Friedrich"
,588,,"Degering, ? (????-????)",
FORMAT,0.251,cnp01089824,"Dickson, James (1738-1822)","Dickson, James <F.L.S.>"
,4.999,cnp01000913,"Ebell, Georg August (1745-1824)","Ebell, Georg August"
,o. Nr.,cnp01391236,"Erbach zu Erbach, Franz von (1754-1823)","Erbach zu Erbach, Franz von"
FORMAT,1.871,cnp00579772,"Eschwege, Wilhelm Ludwig von (1777- 1855)","Eschwege, Wilhelm Ludwig von"
FORMAT,1.885a-b,cnp00579772,"Eschwege, Wilhelm Ludwig von (1777- 1855)","Eschwege, Wilhelm Ludwig von"
,555,cnp00352603,"Espenberg, Karl (1761-1822)","Espenberg, Karl"
,749,cnp00352603,"Espenberg, Karl (1761-1822)","Espenberg, Karl"
FORMAT,0.851,cnp01148611,"Filtsch, Johann (1753 - 1836)","Filtsch, Johann"
FORMAT,1.908,cnp01148611,"Filtsch, Johann (1753- 1836)","Filtsch, Johann"
,0.731,,"Finkenstein Schönberg, Friedrich Fink von (1778-1826) [Graf]",
,617,cnp01269141,"Forsten, Rudolph (1751-1806)","Forsten, Rudolph"
,366,,"Freudenthal, ? (???-???)",
,1.632,,"Freyriss, Georg Wilhelm (1789-1825)",
,1.96,,"Freyriss, Georg Wilhelm (1789-1825)",
,440,cnp01261199,"Fricke, Johann Carl Georg (1790-1841)","Fricke, Johann Carl Georg"
,640,,"Friedrich, ? (????-????)",
,o. Nr.,,"Friedrich, ? (????-????)",
,591,,"Fritze, Ernst Albert (1791-1839)",
,593,,"Fritze, Ernst Albert (1791-1839)",
,595,,"Fritze, Ernst Albert (1791-1839)",
,596,,"Fritze, Ernst Albert (1791-1839)",
,597,,"Fritze, Ernst Albert (1791-1839)",
,598,,"Fritze, Ernst Albert (1791-1839)",
,612,,"Fritze, Ernst Albert (1791-1839)",
,613,,"Fritze, Ernst Albert (1791-1839)",
,621,,"Fritze, Ernst Albert (1791-1839)",
,622,,"Fritze, Ernst Albert (1791-1839)",
,623,,"Fritze, Ernst Albert (1791-1839)",
,624,,"Fritze, Ernst Albert (1791-1839)",
,509,,"Fuchs, Karl Friedrich (1776-1846)",
,486,,"Gall, Franz Joseph (1758-1828)",
,642,,"Gall, Franz Joseph (1758-1828)",
,o. Nr.,cnp00398245,"Geoffroy Saint-Hilaire, Étienne (1772-1844)","Geoffroy Saint-Hilaire, Étienne"
,0.172,,Georg I. Friedrich Karl Herzog von Sachsen-Meiningen (1761-1803),
,0.77,,Georg I. Friedrich Karl Herzog von Sachsen-Meiningen (1761-1803),
,0.863,,Georg I. Friedrich Karl Herzog von Sachsen-Meiningen (1761-1803),
,0.864,,Georg I. Friedrich Karl Herzog von Sachsen-Meiningen (1761-1803),
,0.865,,Georg I. Friedrich Karl Herzog von Sachsen-Meiningen (1761-1803),
,0.866,,Georg I. Friedrich Karl Herzog von Sachsen-Meiningen (1761-1803),
,0.867,,Georg I. Friedrich Karl Herzog von Sachsen-Meiningen (1761-1803),
,0.868,,Georg I. Friedrich Karl Herzog von Sachsen-Meiningen (1761-1803),
,0.869,,Georg I. Friedrich Karl Herzog von Sachsen-Meiningen (1761-1803),
,0.871,,Georg I. Friedrich Karl Herzog von Sachsen-Meiningen (1761-1803),
,0.76,cnp00964424,George III. König von Großbritannien (1738-1820),George III. König von Großbritannien
,o. Nr.,cnp00964424,George III. König von Großbritannien (1738-1820),George III. König von Großbritannien
,o.Nr.,cnp00964424,George III. König von Großbritannien (1738-1820),George III. König von Großbritannien
,665,,"Geuns, Steven Jan van (1767-1795)",
,0.34,cnp01271031,"Giesecke, Carl Ludwig von (1761-1833)","Giesecke, Carl Ludwig von"
,0.647,cnp01271031,"Giesecke, Carl Ludwig von (1761-1833)","Giesecke, Carl Ludwig von"
,1.787,cnp01271031,"Giesecke, Carl Ludwig von (1761-1833)","Giesecke, Carl Ludwig von"
,1.796,cnp01271031,"Giesecke, Carl Ludwig von (1761-1833)","Giesecke, Carl Ludwig von"
,0.330a-b,cnp01271031,"Giesecke, Carl Ludwig von (1761-1833)","Giesecke, Carl Ludwig von"
,1.864a-b,cnp01271031,"Giesecke, Carl Ludwig von (1761-1833)","Giesecke, Carl Ludwig von"
,1.943a-c,cnp01271031,"Giesecke, Carl Ludwig von (1761-1833)","Giesecke, Carl Ludwig von"
,,cnp01271031,"Giesecke, Carl Ludwig von (1761-1833)","Giesecke, Carl Ludwig von"
,0.726a-b,cnp00832264,"Girtanner, Christoph (1760-1800)","Girtanner, Christoph"
,5,cnp01259499,"Goethe, Johann Wolfgang von (1749-1832)","Goethe, Johann Wolfgang von"
,2.003,,"Gottlieb, ? (????-????)",
,1.709,cnp01337306,"Greenough, George Bellas (1778-1855)","Greenough, George Bellas"
,1.71,cnp01337306,"Greenough, George Bellas (1778-1855)","Greenough, George Bellas"
,376,cnp01337306,"Greenough, George Bellas (1778-1855)","Greenough, George Bellas"
,439,cnp01431822,"Hacquet, Balthasar (1739-1815)","Hacquet, Balthasar"
,453,cnp01431822,"Hacquet, Balthasar (1739-1815)","Hacquet, Balthasar"
,473,cnp01431822,"Hacquet, Balthasar (1739-1815)","Hacquet, Balthasar"
,548,cnp01431822,"Hacquet, Balthasar (1739-1815)","Hacquet, Balthasar"
,503,cnp00352990,"Hamilton, William Richard (1777-1859)","Hamilton, William Richard"
,0.917,,"Hanselmann, ? (????-????) [Pastor]",
,1.799a-c,,"Hanstein, Drost von, ? (????-????)",
,1.625,,"Hariss?, (????-????)",
,0.385,cnp01441932,"Hausmann, Johann Friedrich Ludwig (1782-1859)","Hausmann, Johann Friedrich Ludwig"
,0.712,cnp01441932,"Hausmann, Johann Friedrich Ludwig (1782-1859)","Hausmann, Johann Friedrich Ludwig"
,0.753,cnp01441932,"Hausmann, Johann Friedrich Ludwig (1782-1859)","Hausmann, Johann Friedrich Ludwig"
,1.558,cnp01441932,"Hausmann, Johann Friedrich Ludwig (1782-1859)","Hausmann, Johann Friedrich Ludwig"
,1.936,cnp01441932,"Hausmann, Johann Friedrich Ludwig (1782-1859)","Hausmann, Johann Friedrich Ludwig"
,386,cnp01441932,"Hausmann, Johann Friedrich Ludwig (1782-1859)","Hausmann, Johann Friedrich Ludwig"
,1.824a-b,cnp01441932,"Hausmann, Johann Friedrich Ludwig (1782-1859)","Hausmann, Johann Friedrich Ludwig"
,1.841a-c,cnp01441932,"Hausmann, Johann Friedrich Ludwig (1782-1859)","Hausmann, Johann Friedrich Ludwig"
,1.962a-e,cnp01371044,"Hawkins, John (1761-1841)","Hawkins, John"
,389,,"Heine, Ernst Friedrich Wilhelm (1770-1833)",
,387,,Heise (????-????) [Kapitän],
,0.876,,"Hell, Maximilian (1720-1792)",
,1.564,,Herr Trapp,
FORMAT,1.575,,Herr von Parzenmende ??,
FORMAT,1.636,,Herrn geheimer Hofrat Huber ? (????-????),
FORMAT,1.574,,Herrn Geheimer Hofrat Huber (1811),
FORMAT,0.756a-d,cnp01420607,"Hervey, Frederick Augustus (1730-1803)","Hervey, Frederick <Bischof>"
,0.028,,"Hervey, William (1732-1815) ?",
,693,,"Hesse, Christian Heinrich Friedrich (1772-1832)",
,696,,"Hesse, Christian Heinrich Friedrich (1772-1832)",
,o. Nr.,,"Hesse, Christian Heinrich Friedrich (1772-1832)",
,384,,"Hiltebrandt, Johann Konrad (1747-1831)",
,459,,"Hiltebrandt, Johann Konrad (1747-1831)",
,460,,"Hiltebrandt, Johann Konrad (1747-1831)",
,462,,"Hiltebrandt, Johann Konrad (1747-1831)",
,463,,"Hiltebrandt, Johann Konrad (1747-1831)",
,464,,"Hiltebrandt, Johann Konrad (1747-1831)",
,472,,"Hiltebrandt, Johann Konrad (1747-1831)",
,474,,"Hiltebrandt, Johann Konrad (1747-1831)",
,477,,"Hiltebrandt, Johann Konrad (1747-1831)",
,478,,"Hiltebrandt, Johann Konrad (1747-1831)",
,479,,"Hiltebrandt, Johann Konrad (1747-1831)",
,483,,"Hiltebrandt, Johann Konrad (1747-1831)",
,484,,"Hiltebrandt, Johann Konrad (1747-1831)",
,516,,"Hiltebrandt, Johann Konrad (1747-1831)",
,546,,"Hiltebrandt, Johann Konrad (1747-1831)",
,570,,"Hiltebrandt, Johann Konrad (1747-1831)",
,578,,"Hiltebrandt, Johann Konrad (1747-1831)",
,580,,"Hiltebrandt, Johann Konrad (1747-1831)",
,0.012,cnp00388145,"Hollmann, Samuel Christian (1696-1787)","Hollmann, Samuel Christian"
,0.44,cnp00388145,"Hollmann, Samuel Christian (1696-1787)","Hollmann, Samuel Christian"
,0.441,cnp00388145,"Hollmann, Samuel Christian (1696-1787)","Hollmann, Samuel Christian"
,0.502,cnp00388145,"Hollmann, Samuel Christian (1696-1787)","Hollmann, Samuel Christian"
,0.504,cnp00388145,"Hollmann, Samuel Christian (1696-1787)","Hollmann, Samuel Christian"
,0.505,cnp00388145,"Hollmann, Samuel Christian (1696-1787)","Hollmann, Samuel Christian"
,0.506,cnp00388145,"Hollmann, Samuel Christian (1696-1787)","Hollmann, Samuel Christian"
,0.508,cnp00388145,"Hollmann, Samuel Christian (1696-1787)","Hollmann, Samuel Christian"
,0.933,cnp00388145,"Hollmann, Samuel Christian (1696-1787)","Hollmann, Samuel Christian"
,0.934,cnp00388145,"Hollmann, Samuel Christian (1696-1787)","Hollmann, Samuel Christian"
,0.935,cnp00388145,"Hollmann, Samuel Christian (1696-1787)","Hollmann, Samuel Christian"
,0.936,cnp00388145,"Hollmann, Samuel Christian (1696-1787)","Hollmann, Samuel Christian"
,0.937,cnp00388145,"Hollmann, Samuel Christian (1696-1787)","Hollmann, Samuel Christian"
FORMAT / CERTAINTY,0.453,,"Hollmann, Samuel Christian? ",
,413,,"Homeyer, ? (????-????) [Dr., Arzt?]",
FORMAT,600,cnp00388245,"Horner, Johann Kaspar (1774-1834)","Horner, Johann Caspar"
,0.057,cnp01259344,"Humboldt, Alexander von (1769-1859)","Humboldt, Alexander von"
,684,,"Hunold, ? (????-????)",
,0.085,cnp00883952,"Hüpsch, Adolf von (1730-1805)","Hüpsch, Adolf von"
,0.094a-c,cnp00883952,"Hüpsch, Adolf von (1730-1805)","Hüpsch, Adolf von"
,360,,"Ibsen, Ib Pedersen (1801-1862)",
FORMAT,1.589,cnp00123332,"Ingen-Housz, Jan (1730-1799)","Ingen-Housz, Johannes"
FORMAT,0.324,cnp00123332,"Ingenhousz, Jan (1730-1799)","Ingen-Housz, Johannes"
,601,,"Jassoy, Andreas Ludwig (1765-1808)",
,610,,"Jassoy, Andreas Ludwig (1765-1808)",
,625,,"Jassoy, Andreas Ludwig (1765-1808)",
,626,,"Jassoy, Andreas Ludwig (1765-1808)",
,627,,"Jassoy, Andreas Ludwig (1765-1808)",
,728,,"Jassoy, Andreas Ludwig (1765-1808)",
,o. Nr.,,"Jassoy, Andreas Ludwig (1765-1808)",
,374,cnp00910079,"Jeffray, James (1759-1848)","Jeffray, James"
,0.270a-c,cnp01414857,"Jugler, Friedrich Ludwig Christian (1792-1871)","Jugler, Friedrich Ludwig Christian"
,571,cnp00439797,"Karpinski, Nikon (1745-1810)","Karpinski, Nikon"
,407,cnp01441175,"Kestner, August (1777-1853)","Kestner, August"
,510,,"Kiraly, Joseph (????-????)",
FORMAT,0.329,cnp00398916,"Klaproth, Martin Heinrich (1743-1817)","Klaproth, M. H. <Martin Heinrich>"
,469,,"Klein, Carl Christian von (1772-1825)",
,397,,"Kolb, Karl von (1800-1868)",
FORMAT,1.631,,"Konert von, ?, (????-????)",
,0.029,,Königliche Bibliothek zu Hannover,
,2.015,,Königliche Bibliothek zu Hannover,
FORMAT,0.861,,"Konnert, ? von (????-????)",
FORMAT,2.13,,"Konnert, ? von (????-????)",
FORMAT,1.685a-b,,"Konnert, ? von (????-????)",
,559,,"Kratzsch, Bartholomeus (????-????)",
,563,,"Kratzsch, Bartholomeus (????-????)",
,0.466,,"Kunze, ? (????-????) [aus Worms]",
,433,,"Lampe, Johann Bodo (1738-1802)",
,0.734,cnp01428282,"Langsdorff, Georg Heinrich von (1774-1852)","Langsdorff, Georg Heinrich von"
,1.801,cnp01428282,"Langsdorff, Georg Heinrich von (1774-1852)","Langsdorff, Georg Heinrich von"
,748,cnp01428282,"Langsdorff, Georg Heinrich von (1774-1852)","Langsdorff, Georg Heinrich von"
CERTAINTY,0.737,cnp01428282,"Langsdorff, Georg Heinrich von (1774-1852) ?","Langsdorff, Georg Heinrich von"
,1.944,,"Launoy, ? (????-????)",
,0.561a-e,,"Launoy, ? (????-????)",
,0.846a-e,cnp00158497,"Leonhard, Carl Cäsar von (1779-1862)","Leonhard, Carl Cäsar von"
FORMAT,382,cnp00944559,"Leveling, Heinrich Maria von (1766-1828)","Leveling, Heinrich M. von"
FORMAT,452,cnp00944559,"Leveling, Heinrich Maria von (1766-1828)","Leveling, Heinrich M. von"
FORMAT,454,cnp00944559,"Leveling, Heinrich Maria von (1766-1828)","Leveling, Heinrich M. von"
,0.343,cnp01262952,"Lichtenstein, Martin Hinrich Karl von (1780-1857)","Lichtenstein, Heinrich"
,0.536,cnp01083368,"Liebenroth, Friedrich Ernst Franz von (1754-1803)","Liebenroth, Friedrich Ernst Franz von"
,2.024,,"Liebrecht, ? (????-????)",
,375,,"Lister, Nathaniel (????-????)",
,377,,"Lister, Nathaniel (????-????)",
,0.07,cnp00832075,"Luc, Jean Andre de (1727-1817)","Luc, Jean Andre de"
,0.071,cnp00832075,"Luc, Jean Andre de (1727-1817)","Luc, Jean Andre de"
,0.072,cnp00832075,"Luc, Jean Andre de (1727-1817)","Luc, Jean Andre de"
,0.073,cnp00832075,"Luc, Jean Andre de (1727-1817)","Luc, Jean Andre de"
,0.074,cnp00832075,"Luc, Jean Andre de (1727-1817)","Luc, Jean Andre de"
,0.075,cnp00832075,"Luc, Jean Andre de (1727-1817)","Luc, Jean Andre de"
,0.076,cnp00832075,"Luc, Jean Andre de (1727-1817)","Luc, Jean Andre de"
,0.077,cnp00832075,"Luc, Jean Andre de (1727-1817)","Luc, Jean Andre de"
,0.08,cnp00832075,"Luc, Jean Andre de (1727-1817)","Luc, Jean Andre de"
,0.089,cnp00832075,"Luc, Jean Andre de (1727-1817)","Luc, Jean Andre de"
,0.09,cnp00832075,"Luc, Jean Andre de (1727-1817)","Luc, Jean Andre de"
,0.092,cnp00832075,"Luc, Jean Andre de (1727-1817)","Luc, Jean Andre de"
,0.439,cnp00832075,"Luc, Jean Andre de (1727-1817)","Luc, Jean Andre de"
,0.875,cnp00832075,"Luc, Jean Andre de (1727-1817)","Luc, Jean Andre de"
,1.831,cnp00832075,"Luc, Jean Andre de (1727-1817)","Luc, Jean Andre de"
CERTAINTY,0.079,cnp00832075,"Luc, Jean Andre de (1727-1817) ?","Luc, Jean Andre de"
FORMAT,0.339,cnp00872459,"Ludwig I., König von Bayern (1786-1868)","Ludwig <Bayern, König, I.>"
FORMAT,402,cnp00872459,"Ludwig I., König von Bayern (1786-1868)","Ludwig <Bayern, König, I.>"
FORMAT,403,cnp00872459,"Ludwig I., König von Bayern (1786-1868)","Ludwig <Bayern, König, I.>"
FORMAT,502,cnp00872459,"Ludwig I., König von Bayern (1786-1868)","Ludwig <Bayern, König, I.>"
FORMAT,504,cnp00872459,"Ludwig I., König von Bayern (1786-1868)","Ludwig <Bayern, König, I.>"
FORMAT,517,cnp00872459,"Ludwig I., König von Bayern (1786-1868)","Ludwig <Bayern, König, I.>"
,390,cnp01350614,"Mackenzie, George Steuart (1780-1848)","Mackenzie, George Steuart"
,1.603a-b,,"Madelung, Ernst (????-????)",
FORMAT,2.146a-e,cnp00406186,"Marmont, Auguste Fre?de?ric Louis Viesse de (1774-1852)","Marmont, Auguste Frédéric Louis Viesse de"
,581,cnp00979058,"Marschall von Bieberstein, Friedrich August (1768-1826)","Marschall von Bieberstein, Friedrich August"
,0.157,cnp01343751,"Marum, Martinus van (1750-1837)","Marum, Martinus van"
,0.24,,"Mender, ? (????-????)",
,573,,"Meyer, ? (????-????)",
,663,cnp00363381,"Michaelis, Christian Friedrich (1754-1818)","Michaelis, Christian Friedrich"
,681,cnp00363381,"Michaelis, Christian Friedrich (1754-1818)","Michaelis, Christian Friedrich"
,385,cnp00136180,"Michaelis, Gottfried Philipp (1768-1811)","Michaelis, Gottfried Philipp"
,398,cnp00136180,"Michaelis, Gottfried Philipp (1768-1811)","Michaelis, Gottfried Philipp"
,400,cnp00136216,"Miesegaes, Carsten (1767-1846)","Miesegaes, Carsten"
,0.32,cnp00781069,"Monheim, Johann Peter Joseph (1786-1855)","Monheim, Johann Peter Joseph"
,0.321,cnp00781069,"Monheim, Johann Peter Joseph (1786-1855)","Monheim, Johann Peter Joseph"
,0.323,cnp00781069,"Monheim, Johann Peter Joseph (1786-1855)","Monheim, Johann Peter Joseph"
,1.628,cnp01504498,"Monticelli, Teodoro (1759-1845)","Monticelli, Teodoro"
,0.827,,"Mülinen, Niklaus Friedrich von (1760-1833)",
,359,cnp00833000,"Münter, Friedrich Christian Karl Heinrich (1761-1830)","Münter, Friedrich"
,21,,"Murray, ? (????-????)",
,22,,"Murray, ? (????-????)",
,23,,"Murray, ? (????-????)",
,411,,"Murray, ? (????-????)",
,391,,"Murray, George (Viscount of Fincastle) (1762-1836)",
FORMAT,0.289,,"Neufville, Johann Friedrich Anton Wilhelm de (????-1819)",
,1.686,,"Neufville, Johann Friedrich Anton Wilhelm de (1777-1819)",
,1.727,,"Neufville, Johann Friedrich Anton Wilhelm de (1777-1819)",
,1.735a-b,,"Neufville, Johann Friedrich Anton Wilhelm de (1777-1819)",
,0.055,cnp00399159,"Niebuhr, Carsten (1733-1815)","Niebuhr, Carsten"
,0.056,cnp00399159,"Niebuhr, Carsten (1733-1815)","Niebuhr, Carsten"
CERTAINTY,556,cnp01083931,"Nudow, Heinrich (1752-1798) ?","Nudow, Heinrich"
,0.087,cnp00380942,"Oertzen, Friedrich von (1771-1848)","Oertzen, Friedrich von"
,0.107,cnp00380942,"Oertzen, Friedrich von (1771-1848)","Oertzen, Friedrich von"
,0.151,cnp00380942,"Oertzen, Friedrich von (1771-1848)","Oertzen, Friedrich von"
,0.896,cnp00380942,"Oertzen, Friedrich von (1771-1848)","Oertzen, Friedrich von"
,0.097a-b,cnp00380942,"Oertzen, Friedrich von (1771-1848)","Oertzen, Friedrich von"
,1.952,cnp00388669,"Oeynhausen, Carl von (1795-1865)","Oeynhausen, Carl von"
,0.332,cnp00947234,"Olfers, Ignaz Franz Werner Maria von (1793-1871)","Olfers, Ignaz von"
FORMAT,1.847,cnp01511598,"Oriola, Joaquim von (1772- 1846)","Oriola, Joaquim von"
,0.741,cnp01511598,"Oriola, Joaquim von (1772-1846)","Oriola, Joaquim von"
,1.842,cnp01511598,"Oriola, Joaquim von (1772-1846)","Oriola, Joaquim von"
CERTAINTY,334,cnp01270140,"Osiander, Friedrich Benjamin (1759-1822) ?","Osiander, Friedrich Benjamin"
,2.139,cnp01437411,"Osiander, Johann Friedrich (1787-1855)","Osiander, Johann Friedrich"
,667,cnp01437411,"Osiander, Johann Friedrich (1787-1855)","Osiander, Johann Friedrich"
,0.53,cnp01481870,"Ostertag, Johann Philipp (1734-1801)","Ostertag, Johann Philipp"
,604,,"Otto, ? (????-????)",
,1.833a-b,cnp01499017,"Parry, Charles Henry (1779-1860)","Parry, Charles Henry"
,0.268,,"Parry, George Frederic (1783- 1804)",
,1.916,,"Parry, George Frederic (1783- 1804)",
,529,,"Pataki II, Samuel (1731-1804)",
,2.135,,"Petri, ? (????-????)",
,348,,"Prins, ? (????-????)",
,349,,"Prins, ? (????-????)",
,412,,"Prinz zur Lippe, Friedrich (1797-1854)",
,430,cnp01318807,"Recke, Elisa von der (1754-1833)","Recke, Elisa von der"
,0.973,cnp00386086,"Recke, Johann Friedrich von (1764-1846)","Recke, Johann Friedrich von"
,0.974,cnp00386086,"Recke, Johann Friedrich von (1764-1846)","Recke, Johann Friedrich von"
,1.911,cnp00115667,"Reden, Claus Friedrich von (1736-1791)","Reden, Claus Friedrich von"
,1.914,cnp00115667,"Reden, Claus Friedrich von (1736-1791)","Reden, Claus Friedrich von"
,0.234,cnp00372681,"Reichenbach, Heinrich Gottlieb Ludwig (1793-1879)","Reichenbach, Heinrich Gottlieb Ludwig"
,441,cnp00252916,"Reineggs, Jacob (1744-1793)","Reineggs, Jacob"
,512,cnp00252916,"Reineggs, Jacob (1744-1793)","Reineggs, Jacob"
,515,cnp00252916,"Reineggs, Jacob (1744-1793)","Reineggs, Jacob"
,520,cnp00252916,"Reineggs, Jacob (1744-1793)","Reineggs, Jacob"
,521,cnp00252916,"Reineggs, Jacob (1744-1793)","Reineggs, Jacob"
,666,cnp00252916,"Reineggs, Jacob (1744-1793)","Reineggs, Jacob"
FORMAT,599,cnp01260309,"Reinwardt, Caspar Georg Carl (1773-1854)","Reinwardt, Caspar G."
,0.819,,"Rhédey, Ádám, Graf von Kisréde (1768-1849)",
,0.82,,"Rhédey, Ádám, Graf von Kisréde (1768-1849)",
,0.817a-d,,"Rhédey, Ádám, Graf von Kisréde (1768-1849)",
,1.956a-b,cnp00984573,"Ribbentrop, Heinrich Gottlieb (1776-1834)","Ribbentrop, Heinrich Gottlieb"
,561,,"Roesslein, Johannes (1747-????)",
CERTAINTY,0.344,cnp00304793,"Roloff, Johann Christoph Heinrich (1783-1825) ?","Roloff, Johann Christoph Heinrich"
,0.192,cnp00361464,"Röntgen, Gottfried Leonhard August (1781-1865)","Röntgen, Gottfried Leonhard August"
,1.875a-b,cnp01265719,"Rothe, Tyge Jesper (1731-1795)","Rothe, Tyge Jesper"
,605,cnp00564885,"Saldern, Caspar von (1711-1786)","Saldern, Caspar von"
,585,,"Sanden, ? (????-????)",
,586,,"Sanden, ? (????-????)",
,0.507,,"Schedemeyer, ? (????-????) [Amtmann]",
,614,cnp01202235,"Scheel, Paul (1773-1811)","Scheel, Paul"
,565,,"Schenck, Friedrich Wilhelm (????-1798)",
,566,,"Schenck, Friedrich Wilhelm (????-1798)",
,560,,"Schilling, ? (????-????)",
,0.873,cnp00954054,"Schlotheim, Ernst Friedrich von (1764-1832)","Schlotheim, Ernst Friedrich von"
,2.121,,"Schmidt, ? (????-????)",
,2.122,,"Schmidt, ? (????-????)",
,1.816,cnp00973541,"Schnizlein, Johann Georg Christoph (1721-1811)","Schnizlein, Johann Georg Christoph"
,643,cnp00373087,"Scholz, Johann Martin Augustin (1794-1852)","Scholz, Johann Martin Augustin"
,0.334,cnp00388438,"Schreibers, Karl von (1775-1852)","Schreibers, Karl von"
,0.335,cnp00388438,"Schreibers, Karl von (1775-1852)","Schreibers, Karl von"
,0.654,cnp00388438,"Schreibers, Karl von (1775-1852)","Schreibers, Karl von"
,o. Nr.,cnp00388438,"Schreibers, Karl von (1775-1852)","Schreibers, Karl von"
,7,,"Seckendorff, Christian Adolf von (1767-1833)",
FORMAT,0.64,cnp00950180,"Severgin, Vasilij Michajlovič (1765-1826)","Severginʹ, Vasilij Michajlovič"
FORMAT,0.88,cnp00950180,"Severgin, Vasilij Michajlovič (1765-1826)","Severginʹ, Vasilij Michajlovič"
,0.89,cnp01261466,"Sickler, Friedrich (1773-1836)","Sickler, Friedrich"
,409,cnp01328463,"Soemmering, Samuel Thomas von (1755-1830)","Soemmering, Samuel Thomas von"
,685,cnp00390020,"Spitta, Heinrich (1799-1860)","Spitta, Heinrich"
,686,cnp00390020,"Spitta, Heinrich (1799-1860)","Spitta, Heinrich"
,687,cnp00390020,"Spitta, Heinrich (1799-1860)","Spitta, Heinrich"
,0.514,cnp00447735,"Sporleder, Friedrich Wilhelm (1787-1875)","Sporleder, Friedrich Wilhelm"
,0.515,cnp00447735,"Sporleder, Friedrich Wilhelm (1787-1875)","Sporleder, Friedrich Wilhelm"
,615,,"Stackemann, ? (????-????)",
FORMAT,1.897,cnp00613485,"Stelzner, Georg Andreas (1725- 1802)","Stelzner, Georg Andreas"
FORMAT,1.912,cnp00613485,"Stelzner, Georg Andreas (1725- 1802)","Stelzner, Georg Andreas"
FORMAT,1.917,cnp00613485,"Stelzner, Georg Andreas (1725- 1802)","Stelzner, Georg Andreas"
FORMAT,1.918,cnp00613485,"Stelzner, Georg Andreas (1725- 1802)","Stelzner, Georg Andreas"
FORMAT,1.92,cnp00613485,"Stelzner, Georg Andreas (1725- 1802)","Stelzner, Georg Andreas"
,0.031,cnp00613485,"Stelzner, Georg Andreas (1725-1802)","Stelzner, Georg Andreas"
,0.033,cnp00613485,"Stelzner, Georg Andreas (1725-1802)","Stelzner, Georg Andreas"
,0.034,cnp00613485,"Stelzner, Georg Andreas (1725-1802)","Stelzner, Georg Andreas"
,0.035,cnp00613485,"Stelzner, Georg Andreas (1725-1802)","Stelzner, Georg Andreas"
,0.036,cnp00613485,"Stelzner, Georg Andreas (1725-1802)","Stelzner, Georg Andreas"
,0.038,cnp00613485,"Stelzner, Georg Andreas (1725-1802)","Stelzner, Georg Andreas"
,0.046,cnp00613485,"Stelzner, Georg Andreas (1725-1802)","Stelzner, Georg Andreas"
,0.052,cnp00613485,"Stelzner, Georg Andreas (1725-1802)","Stelzner, Georg Andreas"
,0.456,cnp00613485,"Stelzner, Georg Andreas (1725-1802)","Stelzner, Georg Andreas"
,1.872a-c,cnp00613485,"Stelzner, Georg Andreas (1725-1802)","Stelzner, Georg Andreas"
,498,,"Stephan, J[?] J[?] (????-????)",
,3,,"Strauss, Johann Samuel (????-????)",
,4,,"Strauss, Johann Samuel (????-????)",
,o. Nr.,cnp00588595,"Strombeck, Friedrich Karl von (1771-1848)","Strombeck, Friedrich Karl von"
,491,,"Stromeyer, August Ernst Philipp (1785-1828)",
,1.590a-b,,"Stromeyer, Friedrich (1776-1835)",
,0.304,,"Stünkel, ? (????-????)",
CERTAINTY,0.286,,"Stünkel, ? (????-????) ?",
,572,cnp00428001,"Styx, Martin Ernst (1759-1829)","Styx, Martin Ernst"
,579,cnp00428001,"Styx, Martin Ernst (1759-1829)","Styx, Martin Ernst"
,557,,"Sylvestre, Espérance (1790-1842)",
,o. Nr.,,"Symmons, John (????-????)",
,532,,"Szentkiraly, Alexander von (????-????)",
,533,,"Szentkiraly, Alexander von (????-????)",
FORMAT,1.798,,"Tantini, Francesco? (????-????)",
,525,cnp01227988,"Tengström, Johan Magnus af (1793-1856)","Tengström, Johan Magnus af"
,526,cnp01227988,"Tengström, Johan Magnus af (1793-1856)","Tengström, Johan Magnus af"
,1.783,,"Thann, ?, von der (????-????)",
,0.85,,"Thätjenhorst, Johann Heinrich (1803-1859)",
,368,cnp01509789,"Thorlacius, Børge (1775-1829)","Thorlacius, Børge"
,0.263,cnp01512262,"Thümmel, Moritz August von (1738-1817)","Thümmel, Moritz August von"
,523,cnp01430784,"Thunberg, Carl Peter (1743-1828)","Thunberg, Carl Peter"
,524,cnp01430784,"Thunberg, Carl Peter (1743-1828)","Thunberg, Carl Peter"
,0.227,cnp00389581,"Tiarks, Johann Ludwig (1789-1837)","Tiarks, Johann Ludwig"
,1.7,cnp01506504,"Trebra, Friedrich Wilhelm Heinrich von (1740-1819)","Trebra, Friedrich Wilhelm Heinrich von"
,370,,"Turner, Thomas (1773-1865)",
,641,,"Turner, Thomas (1773-1865)",
,0.233a-b,cnp01400389,"Tychsen, Oluf Gerhard (1734-1815)","Tychsen, Oluf Gerhard"
FORMAT,0.109,,unbekannt,
FORMAT,0.112,,unbekannt,
FORMAT,0.119,,unbekannt,
FORMAT,0.143,,unbekannt,
FORMAT,0.146,,unbekannt,
FORMAT,0.174,,unbekannt,
FORMAT,0.176,,unbekannt,
FORMAT,0.178,,unbekannt,
FORMAT,0.183,,unbekannt,
FORMAT,0.185,,unbekannt,
FORMAT,0.187,,unbekannt,
FORMAT,0.188,,unbekannt,
FORMAT,0.189,,unbekannt,
FORMAT,0.19,,unbekannt,
FORMAT,0.191,,unbekannt,
FORMAT,0.193,,unbekannt,
FORMAT,0.225,,unbekannt,
FORMAT,0.245,,unbekannt,
FORMAT,0.248,,unbekannt,
FORMAT,0.306,,unbekannt,
FORMAT,0.356,,unbekannt,
FORMAT,0.358,,unbekannt,
FORMAT,0.373,,unbekannt,
FORMAT,0.384,,unbekannt,
FORMAT,0.39,,unbekannt,
FORMAT,0.391,,unbekannt,
FORMAT,0.4,,unbekannt,
FORMAT,0.402,,unbekannt,
FORMAT,0.532,,unbekannt,
FORMAT,0.56,,unbekannt,
FORMAT,0.562,,unbekannt,
FORMAT,0.563,,unbekannt,
FORMAT,0.564,,unbekannt,
FORMAT,0.568,,unbekannt,
FORMAT,0.58,,unbekannt,
FORMAT,0.73,,unbekannt,
FORMAT,0.732,,unbekannt,
FORMAT,0.743,,unbekannt,
FORMAT,0.746,,unbekannt,
FORMAT,0.747,,unbekannt,
FORMAT,0.862,,unbekannt,
FORMAT,0.874,,unbekannt,
FORMAT,0.878,,unbekannt,
FORMAT,0.889,,unbekannt,
FORMAT,0.891,,unbekannt,
FORMAT,0.892,,unbekannt,
FORMAT,0.893,,unbekannt,
FORMAT,0.897,,unbekannt,
FORMAT,0.97,,unbekannt,
FORMAT,0.971,,unbekannt,
FORMAT,1.528,,unbekannt,
FORMAT,1.562,,unbekannt,
FORMAT,1.563,,unbekannt,
FORMAT,1.565,,unbekannt,
FORMAT,1.566,,unbekannt,
FORMAT,1.567,,unbekannt,
FORMAT,1.568,,unbekannt,
FORMAT,1.569,,unbekannt,
FORMAT,1.57,,unbekannt,
FORMAT,1.571,,unbekannt,
FORMAT,1.572,,unbekannt,
FORMAT,1.573,,unbekannt,
FORMAT,1.576,,unbekannt,
FORMAT,1.578,,unbekannt,
FORMAT,1.579,,unbekannt,
FORMAT,1.58,,unbekannt,
FORMAT,1.582,,unbekannt,
FORMAT,1.584,,unbekannt,
FORMAT,1.585,,unbekannt,
FORMAT,1.586,,unbekannt,
FORMAT,1.587,,unbekannt,
FORMAT,1.667,,unbekannt,
FORMAT,1.677,,unbekannt,
FORMAT,1.85,,unbekannt,
FORMAT,8,,unbekannt,
FORMAT,534,,unbekannt,
FORMAT,535,,unbekannt,
FORMAT,536,,unbekannt,
FORMAT,537,,unbekannt,
FORMAT,628,,unbekannt,
FORMAT,631,,unbekannt,
FORMAT,853,,unbekannt,
FORMAT,0.099a-j,,unbekannt,
FORMAT,0.108a-c,,unbekannt,
FORMAT,0.126a-g,,unbekannt,
FORMAT,0.127a-b,,unbekannt,
FORMAT,0.130a-h,,unbekannt,
FORMAT,0.131a-d,,unbekannt,
FORMAT,0.134a-b,,unbekannt,
FORMAT,0.139a-m,,unbekannt,
FORMAT,0.140a-d,,unbekannt,
FORMAT,0.141a-c,,unbekannt,
FORMAT,0.145a-b,,unbekannt,
FORMAT,0.148a-b,,unbekannt,
FORMAT,0.226a-h,,unbekannt,
FORMAT,0.238a-e,,unbekannt,
FORMAT,0.243a-b,,unbekannt,
FORMAT,0.408a-b,,unbekannt,
FORMAT,0.465a-m,,unbekannt,
FORMAT,0.559a-f,,unbekannt,
FORMAT,0.665a-f,,unbekannt,
FORMAT,0.676a-b,,unbekannt,
FORMAT,0.713a-g,,unbekannt,
FORMAT,0.729a-b,,unbekannt,
FORMAT,0.870a-b,,unbekannt,
FORMAT,0.894a-b,,unbekannt,
FORMAT,0.918a-b,,unbekannt,
FORMAT,0.972a-b,,unbekannt,
FORMAT,1.527a-d,,unbekannt,
FORMAT,1.529a-s,,unbekannt,
FORMAT,1.531a-g,,unbekannt,
FORMAT,1.577a-b,,unbekannt,
FORMAT,1.581a-c,,unbekannt,
FORMAT,1.583a-c,,unbekannt,
FORMAT,1.659a-t,,unbekannt,
FORMAT,1.660a-k,,unbekannt,
FORMAT,1.661a-e,,unbekannt,
FORMAT,1.662a-f,,unbekannt,
FORMAT,1.663a-c,,unbekannt,
FORMAT,1.664a-i,,unbekannt,
FORMAT,1.665a-e,,unbekannt,
FORMAT,1.666a-k,,unbekannt,
FORMAT,1.668a-d,,unbekannt,
FORMAT,1.669a-e,,unbekannt,
FORMAT,1.670a-e,,unbekannt,
FORMAT,1.671a-m,,unbekannt,
FORMAT,1.672a-d,,unbekannt,
FORMAT,1.673a-c,,unbekannt,
FORMAT,1.674a-c,,unbekannt,
FORMAT,1.675a-e,,unbekannt,
FORMAT,1.676a-b,,unbekannt,
FORMAT,o. Nr.,,unbekannt,
,0.881,cnp00549284,"Veltheim, Franz Wilhelm Werner von (1785-1839)","Veltheim, Franz Wilhelm Werner von"
,1.927,cnp00549284,"Veltheim, Franz Wilhelm Werner von (1785-1839)","Veltheim, Franz Wilhelm Werner von"
,1.959,,"Vincent, William (1739-1815)",
,0.138,,"Voss, ? (????-????)",
,0.152,,"Voss, ? (????-????)",
FORMAT,1.755,cnp00158615,"Wad, Gregers (1755 - 1832)","Wad, Gregers"
,699,cnp00158615,"Wad, Gregers (1755-1832)","Wad, Gregers"
,700,cnp00158615,"Wad, Gregers (1755-1832)","Wad, Gregers"
,701,cnp00158615,"Wad, Gregers (1755-1832)","Wad, Gregers"
FORMAT,414,cnp00147377,"Waldeck-Pyrmont, Friedrich Karl August zu (1743-1812)","Waldeck, Karl August Friedrich zu"
,0.537,,"Weiss, ? (????-????)",
,1.838,cnp01085722,"Weisse, Johann Philipp (1753-1840)","Weisse, Johann Philipp"
,17,cnp01327249,"Welcker, Friedrich Gottlieb (1784-1868)","Welcker, Friedrich Gottlieb"
,0.308a-c,cnp01085691,"Werlhof, Ernst August von (1778-1857) ?","Werlhof, Ernst August von"
,0.538,cnp00389394,"Westrumb, Johann Friedrich (1751-1819)","Westrumb, Johann Friedrich"
,2,,"Wied-Neuwied, Louise zu (1747-1823)",
FORMAT,1.906,cnp01435600,"Wied-Neuwied, Maximilian zu (1782-1867)","Wied-Neuwied, Maximilian zu"
FORMAT,0.858a-b,cnp01435600,"Wied-Neuwied, Maximilian, zu (1782-1867)","Wied-Neuwied, Maximilian zu"
,1.652,,"Wilde, ? (????-????)",
,664,,"Wolff, Caspar Friedrich (1734-1794)",
,356,,"Wolff, Gisbert Jacob (1770-1804)",
,"378
",cnp01037990,"Wyss, Samuel (1757-1834)","Wyss, Samuel"
,0.326,cnp00404241,"Zach, Franz Xaver von (1754-1832)","Zach, Franz Xaver von"
FORMAT,1.645,,"Zayk, ? (????-????)",
FORMAT,0.544,,"Zayk, ? von (????-????)",
FORMAT,1.95,,"Zayk, ? von (????-????)",
FORMAT,1.6,,"Zayk, ??? (????-????)",
,0.013,,,
,0.023,,,
,0.027,,,
,0.045,,,
,0.083,,,
,0.093,,,
,0.095,,,
,0.096,,,
,0.113,,,
,0.12,,,
,0.121,,,
,0.125,,,
,0.163,,,
,0.186,,,
,0.223,,,
,0.224,,,
,0.228,,,
,0.23,,,
,0.244,,,
,0.246,,,
,0.247,,,
,0.249,,,
,0.25,,,
,0.252,,,
,0.253,,,
,0.256,,,
,0.258,,,
,0.261,,,
,0.266,,,
,0.269,,,
,0.275,,,
,0.276,,,
,0.277,,,
,0.278,,,
,0.28,,,
,0.281,,,
,0.284,,,
,0.295,,,
,0.296,,,
,0.298,,,
,0.303,,,
,0.305,,,
,0.307,,,
,0.314,,,
,0.315,,,
,0.316,,,
,0.317,,,
,0.322,,,
,0.347,,,
,0.355,,,
,0.359,,,
,0.36,,,
,0.361,,,
,0.363,,,
,0.364,,,
,0.365,,,
,0.367,,,
,0.368,,,
,0.369,,,
,0.37,,,
,0.371,,,
,0.372,,,
,0.374,,,
,0.378,,,
,0.379,,,
,0.38,,,
,0.382,,,
,0.386,,,
,0.387,,,
,0.388,,,
,0.392,,,
,0.393,,,
,0.395,,,
,0.396,,,
,0.397,,,
,0.398,,,
,0.401,,,
,0.403,,,
,0.404,,,
,0.406,,,
,0.407,,,
,0.412,,,
,0.418,,,
,0.422,,,
,0.423,,,
,0.426,,,
,0.427,,,
,0.433,,,
,0.437,,,
,0.444,,,
,0.448,,,
,0.449,,,
,0.45,,,
,0.451,,,
,0.452,,,
,0.455,,,
,0.461,,,
,0.463,,,
,0.464,,,
,0.483,,,
,0.5,,,
,0.501,,,
,0.513,,,
,0.516,,,
,0.522,,,
,0.523,,,
,0.525,,,
,0.526,,,
,0.527,,,
,0.528,,,
,0.529,,,
,0.531,,,
,0.533,,,
,0.534,,,
,0.54,,,
,0.541,,,
,0.545,,,
,0.546,,,
,0.594,,,
,0.595,,,
,0.597,,,
,0.598,,,
,0.655,,,
,0.67,,,
,0.68,,,
,0.711,,,
,0.716,,,
,0.717,,,
,0.718,,,
,0.719,,,
,0.724,,,
,0.725,,,
,0.727,,,
,0.728,,,
,0.733,,,
,0.738,,,
,0.739,,,
,0.74,,,
,0.742,,,
,0.744,,,
,0.745,,,
,0.748,,,
,0.749,,,
,0.75,,,
,0.751,,,
,0.752,,,
,0.754,,,
,0.755,,,
,0.759,,,
,0.763,,,
,0.764,,,
,0.765,,,
,0.766,,,
,0.775,,,
,0.813,,,
,0.814,,,
,0.815,,,
,0.816,,,
,0.818,,,
,0.821,,,
,0.822,,,
,0.823,,,
,0.824,,,
,0.825,,,
,0.826,,,
,0.828,,,
,0.829,,,
,0.83,,,
,0.831,,,
,0.832,,,
,0.833,,,
,0.834,,,
,0.835,,,
,0.837,,,
,0.838,,,
,0.84,,,
,0.841,,,
,0.842,,,
,0.843,,,
,0.847,,,
,0.848,,,
,0.849,,,
,0.853,,,
,0.854,,,
,0.855,,,
,0.857,,,
,0.859,,,
,0.86,,,
,0.872,,,
,0.877,,,
,0.879,,,
,0.886,,,
,0.887,,,
,0.968,,,
,0.969,,,
,1.001,,,
,1.002,,,
,1.553,,,
,1.554,,,
,1.556,,,
,1.559,,,
,1.56,,,
,1.561,,,
,1.588,,,
,1.591,,,
,1.592,,,
,1.593,,,
,1.594,,,
,1.595,,,
,1.596,,,
,1.597,,,
,1.598,,,
,1.599,,,
,1.601,,,
,1.602,,,
,1.604,,,
,1.605,,,
,1.606,,,
,1.607,,,
,1.608,,,
,1.609,,,
,1.61,,,
,1.611,,,
,1.612,,,
,1.613,,,
,1.614,,,
,1.615,,,
,1.616,,,
,1.617,,,
,1.618,,,
,1.619,,,
,1.62,,,
,1.621,,,
,1.622,,,
,1.623,,,
,1.624,,,
,1.627,,,
,1.629,,,
,1.63,,,
,1.633,,,
,1.634,,,
,1.635,,,
,1.637,,,
,1.638,,,
,1.639,,,
,1.64,,,
,1.641,,,
,1.642,,,
,1.643,,,
,1.644,,,
,1.646,,,
,1.647,,,
,1.648,,,
,1.649,,,
,1.65,,,
,1.651,,,
,1.653,,,
,1.654,,,
,1.655,,,
,1.657,,,
,1.658,,,
,1.678,,,
,1.68,,,
,1.681,,,
,1.682,,,
,1.683,,,
,1.687,,,
,1.688,,,
,1.689,,,
,1.69,,,
,1.693,,,
,1.694,,,
,1.696,,,
,1.697,,,
,1.698,,,
,1.699,,,
,1.701,,,
,1.702,,,
,1.703,,,
,1.705,,,
,1.706,,,
,1.708,,,
,1.711,,,
,1.712,,,
,1.713,,,
,1.714,,,
,1.715,,,
,1.717,,,
,1.721,,,
,1.722,,,
,1.723,,,
,1.724,,,
,1.725,,,
,1.728,,,
,1.729,,,
,1.73,,,
,1.731,,,
,1.732,,,
,1.733,,,
,1.734,,,
,1.736,,,
,1.737,,,
,1.738,,,
,1.739,,,
,1.74,,,
,1.741,,,
,1.742,,,
,1.743,,,
,1.744,,,
,1.745,,,
,1.746,,,
,1.747,,,
,1.748,,,
,1.749,,,
,1.75,,,
,1.751,,,
,1.752,,,
,1.753,,,
,1.754,,,
,1.756,,,
,1.757,,,
,1.758,,,
,1.759,,,
,1.76,,,
,1.761,,,
,1.762,,,
,1.763,,,
,1.764,,,
,1.765,,,
,1.766,,,
,1.767,,,
,1.768,,,
,1.77,,,
,1.773,,,
,1.774,,,
,1.775,,,
,1.776,,,
,1.777,,,
,1.778,,,
,1.779,,,
,1.78,,,
,1.781,,,
,1.782,,,
,1.784,,,
,1.785,,,
,1.786,,,
,1.788,,,
,1.789,,,
,1.79,,,
,1.791,,,
,1.792,,,
,1.794,,,
,1.797,,,
,1.8,,,
,1.803,,,
,1.804,,,
,1.805,,,
,1.806,,,
,1.807,,,
,1.808,,,
,1.809,,,
,1.811,,,
,1.812,,,
,1.813,,,
,1.814,,,
,1.817,,,
,1.818,,,
,1.819,,,
,1.82,,,
,1.821,,,
,1.822,,,
,1.823,,,
,1.826,,,
,1.827,,,
,1.828,,,
,1.829,,,
,1.83,,,
,1.834,,,
,1.835,,,
,1.836,,,
,1.837,,,
,1.839,,,
,1.84,,,
,1.846,,,
,1.848,,,
,1.849,,,
,1.852,,,
,1.853,,,
,1.854,,,
,1.856,,,
,1.859,,,
,1.861,,,
,1.862,,,
,1.863,,,
,1.865,,,
,1.866,,,
,1.868,,,
,1.869,,,
,1.87,,,
,1.88,,,
,1.881,,,
,1.883,,,
,1.884,,,
,1.886,,,
,1.887,,,
,1.888,,,
,1.889,,,
,1.89,,,
,1.891,,,
,1.892,,,
,1.893,,,
,1.894,,,
,1.895,,,
,1.896,,,
,1.898,,,
,1.899,,,
,1.903,,,
,1.904,,,
,1.905,,,
,1.907,,,
,1.909,,,
,1.91,,,
,1.913,,,
,1.915,,,
,1.919,,,
,1.921,,,
,1.922,,,
,1.923,,,
,1.924,,,
,1.925,,,
,1.928,,,
,1.929,,,
,1.931,,,
,1.932,,,
,1.934,,,
,1.935,,,
,1.937,,,
,1.938,,,
,1.939,,,
,1.94,,,
,1.942,,,
,1.946,,,
,1.947,,,
,1.948,,,
,1.949,,,
,1.951,,,
,1.954,,,
,1.955,,,
,1.957,,,
,1.958,,,
,1.981,,,
,1.982,,,
,1.987,,,
,1.99,,,
,1.993,,,
,2.004,,,
,2.008,,,
,2.009,,,
,2.01,,,
,2.017,,,
,2.018,,,
,2.019,,,
,2.02,,,
,2.021,,,
,2.022,,,
,2.023,,,
,2.025,,,
,2.026,,,
,2.03,,,
,2.031,,,
,2.036,,,
,2.063,,,
,2.089,,,
,2.09,,,
,2.091,,,
,2.092,,,
,2.093,,,
,2.094,,,
,2.095,,,
,2.096,,,
,2.098,,,
,2.099,,,
,2.101,,,
,2.103,,,
,2.105,,,
,2.107,,,
,2.111,,,
,2.112,,,
,2.113,,,
,2.114,,,
,2.115,,,
,2.116,,,
,2.117,,,
,2.118,,,
,2.12,,,
,2.125,,,
,2.126,,,
,2.127,,,
,2.128,,,
,2.129,,,
,2.131,,,
,2.132,,,
,2.133,,,
,2.134,,,
,2.137,,,
,2.14,,,
,20,,,
,24,,,
,331,,,
,336,,,
,346,,,
,518,,,
,538,,,
,577,,,
,629,,,
,###,,,
,0.082a-c,,,
,0.106a-e,,,
,0.123a-c,,,
,0.129a-b,,,
,0.162a-c,,,
,0.231a-b,,,
,0.257a-e,,,
,0.271a-c,,,
,0.282a-c,,,
,0.283a-b,,,
,0.291a-g,,,
,0.292a-b,,,
,0.354a-c,,,
,0.357a-b,,,
,0.362a-b,,,
,0.366a-e,,,
,0.376a-b,,,
,0.377a-c,,,
,0.381a-p,,,
,0.383a-b,,,
,0.389a-b,,,
,0.394a-b,,,
,0.405a-b,,,
,0.420a-b,,,
,0.431a-c,,,
,0.460a-b,,,
,0.467a-e,,,
,0.472a-e,,,
,0.477a-e,,,
,0.511a-b,,,
,0.524a-b,,,
,0.535a-c,,,
,0.542a-c,,,
,0.543a-g,,,
,0.648a-e,,,
,0.671a-e,,,
,0.720a-b,,,
,0.721a-b,,,
,0.722a-b,,,
,0.836a-b,,,
,0.839a-c,,,
,0.844a-b,,,
,0.852a-u,,,
,0.967a-f,,,
,1.530a-n,,,
,1.626a-b,,,
,1.656a-b,,,
,1.684a-b,,,
,1.691a-b,,,
,1.692a-b,,,
,1.695a-m,,,
,1.704a-b,,,
,1.707a-b,,,
,1.716a-b,,,
,1.718a-c,,,
,1.719a-b,,,
,1.769a-b,,,
,1.793a-c,,,
,1.795a-c,,,
,1.810a-k,,,
,1.815a-b,,,
,1.825a-b,,,
,1.832a-f,,,
,1.851a-b,,,
,1.855a-b,,,
,1.857a-b,,,
,1.860a-g,,,
,1.867a-b,,,
,1.873a-b,,,
,1.876a-f,,,
,1.882a-b,,,
,1.901a-b,,,
,1.902a-b,,,
,1.933a-b,,,
,1.941a-c,,,
,1.953a-b,,,
,1.961a-b,,,
,1.963a-e,,,
,2.097a-c,,,
,2.102a-b,,,
,2.104a-g,,,
,2.106a-h,,,
,2.109a-b,,,
,2.110a-c,,,
,2.119a-b,,,
,2.123a-b,,,
,2.138a-b,,,
,2.145a-c,,,
,o. Nr.,,,
